mode,replay_style,stage,K,result,solve_time,variables_before_solve,clauses_before_solve,canonical_variables,canonical_clauses,decisions,conflicts,propagations,restarts,decisions_per_second,conflicts_per_decision,propagations_per_decision,actual_k,containment_time,assumption_build_time,assumptions,history_mismatch,base_query_mismatch,canonical_equivalence_mismatch
base,late-append,replay,991,SAT,27.383269033001852,55947,214806,0,0,483968,127951,259210386,1633,17673.857690867004,0.26437904985453586,535.5940599378471,991,6,1.2099917512387037e-07,"[46983, 55947]",False,False,False
base,late-append,replay,990,SAT,19.090699052001582,56938,218769,0,0,285138,77017,189453466,1430,14935.964326047266,0.2701043003738541,664.4272808254249,990,6,0.004939539001497906,"[46983, 56938]",False,False,False
base,late-append,final,989,TIMEOUT,120.0,57928,222728,0,0,,,,,,,,,,0.005181466003705282,"[46983, 57928]",False,False,False
indicator-only,late-append,replay,991,SAT,28.233129111999006,55947,214806,0,0,483968,127951,259210386,1633,17141.8477236487,0.26437904985453586,535.5940599378471,991,6,1.4199758879840374e-07,"[46983, 55947]",False,False,False
indicator-only,late-append,replay,990,SAT,19.267061857994122,56938,218769,0,0,285138,77017,189453466,1430,14799.246615886741,0.2701043003738541,664.4272808254249,990,6,0.004447929000889417,"[46983, 56938]",False,False,False
indicator-only,late-append,final,989,TIMEOUT,120.0,57937,231737,9,9009,,,,,,,,,,0.005228119000094011,"[46983, 57928]",False,False,False
prefix,late-append,replay,991,SAT,27.035891342995455,55947,214806,0,0,483968,127951,259210386,1633,17900.944853641304,0.26437904985453586,535.5940599378471,991,6,1.3399403542280197e-07,"[46983, 55947]",False,False,False
prefix,late-append,replay,990,SAT,18.625084087994765,56938,218769,0,0,285138,77017,189453466,1430,15309.353700249461,0.2701043003738541,664.4272808254249,990,6,0.0052907349963788874,"[46983, 56938]",False,False,False
prefix,late-append,final,989,TIMEOUT,120.0,57937,231745,9,9017,,,,,,,,,,0.005022933000873309,"[46983, 57928]",False,False,False
