record_type,index,mode,stage,K,result,prefix,source_k,actual_depth,solve_time,core,actual_k,containment_time,variables_before_solve,clauses_before_solve,decisions,conflicts,propagations,restarts,stats
sanity,0,,,989,UNSAT,"[[1, 568], [2, 546], [3, 599]]",990,,6.135662793996744,"[[1, 568, True], [2, 546, True], [3, 599, True]]",,,,,,,,,"{""decisions"": 73309, ""conflicts"": 19834, ""propagations"": 48534518, ""restarts"": 249}"
sanity,1,,,989,UNSAT,"[[1, 568], [2, 546], [3, 599], [4, 67], [5, 732]]",990,,0.00708867798675783,"[[1, 568, True], [2, 546, True], [3, 599, True], [4, 67, True], [5, 732, True]]",,,,,,,,,"{""decisions"": 0, ""conflicts"": 0, ""propagations"": 0, ""restarts"": 0}"
probe,0,,,989,UNSAT,"[[1, 568], [2, 546], [3, 599], [4, 67], [5, 732]]",990,5,0.009625142003642395,"[[1, 568, True], [2, 546, True], [3, 599, True], [4, 67, True], [5, 732, True]]",,,,,,,,,"{""decisions"": 0, ""conflicts"": 0, ""propagations"": 0, ""restarts"": 0}"
probe,1,,,989,UNSAT,"[[1, 659], [2, 964], [3, 651], [4, 798], [5, 511]]",993,5,0.007323233992792666,"[[1, 659, True], [2, 964, True], [3, 651, True], [4, 798, True], [5, 511, True]]",,,,,,,,,"{""decisions"": 0, ""conflicts"": 0, ""propagations"": 0, ""restarts"": 0}"
probe,2,,,989,UNSAT,"[[1, 285], [2, 991], [3, 40], [4, 721], [5, 537]]",993,5,0.007674690001294948,"[[1, 285, True], [2, 991, True], [3, 40, True], [4, 721, True], [5, 537, True]]",,,,,,,,,"{""decisions"": 0, ""conflicts"": 0, ""propagations"": 0, ""restarts"": 0}"
probe,3,,,989,UNSAT,"[[1, 259], [2, 417], [3, 198], [4, 546], [5, 20]]",993,5,0.008025703995372169,"[[1, 259, True], [2, 417, True], [3, 198, True], [4, 546, True], [5, 20, True]]",,,,,,,,,"{""decisions"": 0, ""conflicts"": 0, ""propagations"": 0, ""restarts"": 0}"
probe,4,,,989,UNSAT,"[[1, 134], [2, 531], [3, 533], [4, 258], [5, 706]]",993,5,0.007467199000529945,"[[1, 134, True], [2, 531, True], [3, 533, True], [4, 258, True], [5, 706, True]]",,,,,,,,,"{""decisions"": 0, ""conflicts"": 0, ""propagations"": 0, ""restarts"": 0}"
probe,5,,,989,UNSAT,"[[1, 183], [2, 966], [3, 679], [4, 988], [5, 948]]",994,5,0.006819988004281186,"[[1, 183, True], [2, 966, True], [3, 679, True], [4, 988, True], [5, 948, True]]",,,,,,,,,"{""decisions"": 0, ""conflicts"": 0, ""propagations"": 0, ""restarts"": 0}"
probe,6,,,989,UNSAT,"[[1, 659], [2, 951], [3, 533], [4, 334], [5, 506]]",993,5,0.0080967610119842,"[[1, 659, True], [2, 951, True], [3, 533, True], [4, 334, True], [5, 506, True]]",,,,,,,,,"{""decisions"": 0, ""conflicts"": 0, ""propagations"": 0, ""restarts"": 0}"
probe,7,,,989,UNSAT,"[[1, 659], [2, 866], [3, 342], [4, 379], [5, 144]]",993,5,0.27104137699643616,"[[1, 659, True], [2, 866, True], [3, 342, True], [4, 379, True], [5, 144, True]]",,,,,,,,,"{""decisions"": 20, ""conflicts"": 2, ""propagations"": 62959, ""restarts"": 0}"
probe,8,,,989,UNSAT,"[[1, 285], [2, 958], [3, 778], [4, 546], [5, 624]]",993,5,0.26276375199086033,"[[1, 285, True], [2, 958, True], [3, 778, True], [4, 546, True], [5, 624, True]]",,,,,,,,,"{""decisions"": 20, ""conflicts"": 2, ""propagations"": 62022, ""restarts"": 0}"
probe,9,,,989,UNSAT,"[[1, 285], [2, 531], [3, 187], [4, 478], [5, 651]]",993,5,0.007653370004845783,"[[1, 285, True], [2, 531, True], [3, 187, True], [4, 478, True], [5, 651, True]]",,,,,,,,,"{""decisions"": 0, ""conflicts"": 0, ""propagations"": 0, ""restarts"": 0}"
probe,10,,,989,UNSAT,"[[1, 285], [2, 47], [3, 103], [4, 237], [5, 516]]",993,5,0.008166191997588612,"[[1, 285, True], [2, 47, True], [3, 103, True], [4, 237, True], [5, 516, True]]",,,,,,,,,"{""decisions"": 0, ""conflicts"": 0, ""propagations"": 0, ""restarts"": 0}"
probe,11,,,989,UNSAT,"[[1, 259], [2, 804], [3, 651], [4, 829], [5, 741]]",993,5,0.0076745650003431365,"[[1, 259, True], [2, 804, True], [3, 651, True], [4, 829, True], [5, 741, True]]",,,,,,,,,"{""decisions"": 0, ""conflicts"": 0, ""propagations"": 0, ""restarts"": 0}"
probe,12,,,989,UNSAT,"[[1, 259], [2, 14], [3, 533], [4, 458], [5, 489]]",993,5,0.007595941991894506,"[[1, 259, True], [2, 14, True], [3, 533, True], [4, 458, True], [5, 489, True]]",,,,,,,,,"{""decisions"": 0, ""conflicts"": 0, ""propagations"": 0, ""restarts"": 0}"
probe,13,,,989,UNSAT,"[[1, 134], [2, 913], [3, 786], [4, 67], [5, 714]]",993,5,0.008197348011890426,"[[1, 134, True], [2, 913, True], [3, 786, True], [4, 67, True], [5, 714, True]]",,,,,,,,,"{""decisions"": 0, ""conflicts"": 0, ""propagations"": 0, ""restarts"": 0}"
probe,14,,,989,UNSAT,"[[1, 659], [2, 991], [3, 139], [4, 13], [5, 765]]",994,5,0.0071934530133148655,"[[1, 659, True], [2, 991, True], [3, 139, True], [4, 13, True], [5, 765, True]]",,,,,,,,,"{""decisions"": 0, ""conflicts"": 0, ""propagations"": 0, ""restarts"": 0}"
probe,15,,,989,UNSAT,"[[1, 659], [2, 966], [3, 681], [4, 807], [5, 623]]",994,5,0.0087244659953285,"[[1, 659, True], [2, 966, True], [3, 681, True], [4, 807, True], [5, 623, True]]",,,,,,,,,"{""decisions"": 0, ""conflicts"": 0, ""propagations"": 0, ""restarts"": 0}"
probe,16,,,989,UNSAT,"[[1, 659], [2, 913], [3, 567], [4, 302], [5, 698]]",994,5,0.008365133995539509,"[[1, 659, True], [2, 913, True], [3, 567, True], [4, 302, True], [5, 698, True]]",,,,,,,,,"{""decisions"": 0, ""conflicts"": 0, ""propagations"": 0, ""restarts"": 0}"
probe,17,,,989,UNSAT,"[[1, 659], [2, 901], [3, 755], [4, 390], [5, 391]]",994,5,0.006972995994146913,"[[1, 659, True], [2, 901, True], [3, 755, True], [4, 390, True], [5, 391, True]]",,,,,,,,,"{""decisions"": 0, ""conflicts"": 0, ""propagations"": 0, ""restarts"": 0}"
probe,18,,,989,UNSAT,"[[1, 659], [2, 859], [3, 305], [4, 10], [5, 74]]",994,5,0.00765527700423263,"[[1, 659, True], [2, 859, True], [3, 305, True], [4, 10, True], [5, 74, True]]",,,,,,,,,"{""decisions"": 0, ""conflicts"": 0, ""propagations"": 0, ""restarts"": 0}"
probe,19,,,989,UNSAT,"[[1, 659], [2, 804], [3, 985], [4, 351], [5, 624]]",994,5,0.007542335006291978,"[[1, 659, True], [2, 804, True], [3, 985, True], [4, 351, True], [5, 624, True]]",,,,,,,,,"{""decisions"": 0, ""conflicts"": 0, ""propagations"": 0, ""restarts"": 0}"
probe,20,,,989,UNSAT,"[[1, 659], [2, 782], [3, 331], [4, 37], [5, 794]]",994,5,0.00779120200604666,"[[1, 659, True], [2, 782, True], [3, 331, True], [4, 37, True], [5, 794, True]]",,,,,,,,,"{""decisions"": 0, ""conflicts"": 0, ""propagations"": 0, ""restarts"": 0}"
probe,21,,,989,UNSAT,"[[1, 659], [2, 712], [3, 598], [4, 204], [5, 663]]",994,5,0.007272792994626798,"[[1, 659, True], [2, 712, True], [3, 598, True], [4, 204, True], [5, 663, True]]",,,,,,,,,"{""decisions"": 0, ""conflicts"": 0, ""propagations"": 0, ""restarts"": 0}"
probe,22,,,989,UNSAT,"[[1, 659], [2, 676], [3, 825], [4, 349], [5, 730]]",994,5,0.007940131996292621,"[[1, 659, True], [2, 676, True], [3, 825, True], [4, 349, True], [5, 730, True]]",,,,,,,,,"{""decisions"": 0, ""conflicts"": 0, ""propagations"": 0, ""restarts"": 0}"
probe,23,,,989,UNSAT,"[[1, 659], [2, 611], [3, 854], [4, 359], [5, 536]]",994,5,0.008144368999637663,"[[1, 659, True], [2, 611, True], [3, 854, True], [4, 359, True], [5, 536, True]]",,,,,,,,,"{""decisions"": 0, ""conflicts"": 0, ""propagations"": 0, ""restarts"": 0}"
probe,24,,,989,UNSAT,"[[1, 659], [2, 554], [3, 963], [4, 177], [5, 224]]",994,5,0.007487881986889988,"[[1, 659, True], [2, 554, True], [3, 963, True], [4, 177, True], [5, 224, True]]",,,,,,,,,"{""decisions"": 0, ""conflicts"": 0, ""propagations"": 0, ""restarts"": 0}"
probe,25,,,989,UNSAT,"[[1, 659], [2, 538], [3, 640], [4, 163], [5, 658]]",994,5,0.008058063991484232,"[[1, 659, True], [2, 538, True], [3, 640, True], [4, 163, True], [5, 658, True]]",,,,,,,,,"{""decisions"": 0, ""conflicts"": 0, ""propagations"": 0, ""restarts"": 0}"
probe,26,,,989,UNSAT,"[[1, 659], [2, 514], [3, 935], [4, 975], [5, 864]]",994,5,0.008445530998869799,"[[1, 659, True], [2, 514, True], [3, 935, True], [4, 975, True], [5, 864, True]]",,,,,,,,,"{""decisions"": 0, ""conflicts"": 0, ""propagations"": 0, ""restarts"": 0}"
probe,27,,,989,UNSAT,"[[1, 659], [2, 435], [3, 723], [4, 858], [5, 756]]",994,5,0.007371918996796012,"[[1, 659, True], [2, 435, True], [3, 723, True], [4, 858, True], [5, 756, True]]",,,,,,,,,"{""decisions"": 0, ""conflicts"": 0, ""propagations"": 0, ""restarts"": 0}"
probe,28,,,989,UNSAT,"[[1, 659], [2, 417], [3, 786], [4, 472], [5, 374]]",994,5,0.007885907994932495,"[[1, 659, True], [2, 417, True], [3, 786, True], [4, 472, True], [5, 374, True]]",,,,,,,,,"{""decisions"": 0, ""conflicts"": 0, ""propagations"": 0, ""restarts"": 0}"
probe,29,,,989,UNSAT,"[[1, 659], [2, 288], [3, 778], [4, 220], [5, 967]]",994,5,0.0073949100042227656,"[[1, 659, True], [2, 288, True], [3, 778, True], [4, 220, True], [5, 967, True]]",,,,,,,,,"{""decisions"": 0, ""conflicts"": 0, ""propagations"": 0, ""restarts"": 0}"
probe,30,,,989,UNSAT,"[[1, 659], [2, 271], [3, 763], [4, 51], [5, 635]]",994,5,0.006978332996368408,"[[1, 659, True], [2, 271, True], [3, 763, True], [4, 51, True], [5, 635, True]]",,,,,,,,,"{""decisions"": 0, ""conflicts"": 0, ""propagations"": 0, ""restarts"": 0}"
probe,31,,,989,UNSAT,"[[1, 659], [2, 189], [3, 393], [4, 107], [5, 326]]",994,5,0.006924704997800291,"[[1, 659, True], [2, 189, True], [3, 393, True], [4, 107, True], [5, 326, True]]",,,,,,,,,"{""decisions"": 0, ""conflicts"": 0, ""propagations"": 0, ""restarts"": 0}"
probe,32,,,989,UNSAT,"[[1, 659], [2, 93], [3, 692], [4, 343], [5, 405]]",994,5,0.006782657001167536,"[[1, 659, True], [2, 93, True], [3, 692, True], [4, 343, True], [5, 405, True]]",,,,,,,,,"{""decisions"": 0, ""conflicts"": 0, ""propagations"": 0, ""restarts"": 0}"
probe,33,,,989,UNSAT,"[[1, 659], [2, 47], [3, 834], [4, 244], [5, 476]]",994,5,0.007009986991761252,"[[1, 659, True], [2, 47, True], [3, 834, True], [4, 244, True], [5, 476, True]]",,,,,,,,,"{""decisions"": 0, ""conflicts"": 0, ""propagations"": 0, ""restarts"": 0}"
probe,34,,,989,UNSAT,"[[1, 659], [2, 30], [3, 884], [4, 904], [5, 486]]",994,5,0.007364204997429624,"[[1, 659, True], [2, 30, True], [3, 884, True], [4, 904, True], [5, 486, True]]",,,,,,,,,"{""decisions"": 0, ""conflicts"": 0, ""propagations"": 0, ""restarts"": 0}"
probe,35,,,989,UNSAT,"[[1, 285], [2, 966], [3, 970], [4, 665], [5, 842]]",994,5,0.007101738010533154,"[[1, 285, True], [2, 966, True], [3, 970, True], [4, 665, True], [5, 842, True]]",,,,,,,,,"{""decisions"": 0, ""conflicts"": 0, ""propagations"": 0, ""restarts"": 0}"
probe,36,,,989,UNSAT,"[[1, 285], [2, 964], [3, 669], [4, 155], [5, 3]]",994,5,0.008390122995479032,"[[1, 285, True], [2, 964, True], [3, 669, True], [4, 155, True], [5, 3, True]]",,,,,,,,,"{""decisions"": 0, ""conflicts"": 0, ""propagations"": 0, ""restarts"": 0}"
probe,37,,,989,UNSAT,"[[1, 285], [2, 951], [3, 519], [4, 827], [5, 74]]",994,5,0.007928436010843143,"[[1, 285, True], [2, 951, True], [3, 519, True], [4, 827, True], [5, 74, True]]",,,,,,,,,"{""decisions"": 0, ""conflicts"": 0, ""propagations"": 0, ""restarts"": 0}"
probe,38,,,989,UNSAT,"[[1, 285], [2, 901], [3, 971], [4, 403], [5, 10]]",994,5,0.007229248993098736,"[[1, 285, True], [2, 901, True], [3, 971, True], [4, 403, True], [5, 10, True]]",,,,,,,,,"{""decisions"": 0, ""conflicts"": 0, ""propagations"": 0, ""restarts"": 0}"
probe,39,,,989,UNSAT,"[[1, 285], [2, 820], [3, 570], [4, 218], [5, 798]]",994,5,0.007964196003740653,"[[1, 285, True], [2, 820, True], [3, 570, True], [4, 218, True], [5, 798, True]]",,,,,,,,,"{""decisions"": 0, ""conflicts"": 0, ""propagations"": 0, ""restarts"": 0}"
probe,40,,,989,UNSAT,"[[1, 285], [2, 810], [3, 725], [4, 252], [5, 654]]",994,5,0.006933783006388694,"[[1, 285, True], [2, 810, True], [3, 725, True], [4, 252, True], [5, 654, True]]",,,,,,,,,"{""decisions"": 0, ""conflicts"": 0, ""propagations"": 0, ""restarts"": 0}"
probe,41,,,989,UNSAT,"[[1, 285], [2, 804], [3, 898], [4, 254], [5, 162]]",994,5,0.007715943007497117,"[[1, 285, True], [2, 804, True], [3, 898, True], [4, 254, True], [5, 162, True]]",,,,,,,,,"{""decisions"": 0, ""conflicts"": 0, ""propagations"": 0, ""restarts"": 0}"
probe,42,,,989,UNSAT,"[[1, 285], [2, 782], [3, 774], [4, 552], [5, 983]]",994,5,0.007549476998974569,"[[1, 285, True], [2, 782, True], [3, 774, True], [4, 552, True], [5, 983, True]]",,,,,,,,,"{""decisions"": 0, ""conflicts"": 0, ""propagations"": 0, ""restarts"": 0}"
probe,43,,,989,UNSAT,"[[1, 285], [2, 712], [3, 695], [4, 104], [5, 928]]",994,5,0.008574955005315132,"[[1, 285, True], [2, 712, True], [3, 695, True], [4, 104, True], [5, 928, True]]",,,,,,,,,"{""decisions"": 0, ""conflicts"": 0, ""propagations"": 0, ""restarts"": 0}"
probe,44,,,989,UNSAT,"[[1, 285], [2, 611], [3, 272], [4, 425], [5, 584]]",994,5,0.00821441000152845,"[[1, 285, True], [2, 611, True], [3, 272, True], [4, 425, True], [5, 584, True]]",,,,,,,,,"{""decisions"": 0, ""conflicts"": 0, ""propagations"": 0, ""restarts"": 0}"
probe,45,,,989,UNSAT,"[[1, 285], [2, 597], [3, 912], [4, 547], [5, 882]]",994,5,0.00676577199192252,"[[1, 285, True], [2, 597, True], [3, 912, True], [4, 547, True], [5, 882, True]]",,,,,,,,,"{""decisions"": 0, ""conflicts"": 0, ""propagations"": 0, ""restarts"": 0}"
probe,46,,,989,UNSAT,"[[1, 285], [2, 554], [3, 825], [4, 319], [5, 240]]",994,5,0.006986740991123952,"[[1, 285, True], [2, 554, True], [3, 825, True], [4, 319, True], [5, 240, True]]",,,,,,,,,"{""decisions"": 0, ""conflicts"": 0, ""propagations"": 0, ""restarts"": 0}"
probe,47,,,989,UNSAT,"[[1, 285], [2, 514], [3, 521], [4, 336], [5, 828]]",994,5,0.006938103993888944,"[[1, 285, True], [2, 514, True], [3, 521, True], [4, 336, True], [5, 828, True]]",,,,,,,,,"{""decisions"": 0, ""conflicts"": 0, ""propagations"": 0, ""restarts"": 0}"
probe,48,,,989,UNSAT,"[[1, 285], [2, 437], [3, 414], [4, 204], [5, 744]]",994,5,0.008070525989751332,"[[1, 285, True], [2, 437, True], [3, 414, True], [4, 204, True], [5, 744, True]]",,,,,,,,,"{""decisions"": 0, ""conflicts"": 0, ""propagations"": 0, ""restarts"": 0}"
probe,49,,,989,UNSAT,"[[1, 285], [2, 435], [3, 603], [4, 654], [5, 316]]",994,5,0.008587967997300439,"[[1, 285, True], [2, 435, True], [3, 603, True], [4, 654, True], [5, 316, True]]",,,,,,,,,"{""decisions"": 0, ""conflicts"": 0, ""propagations"": 0, ""restarts"": 0}"
probe,50,,,989,UNSAT,"[[1, 285], [2, 362], [3, 614], [4, 87], [5, 728]]",994,5,0.007540421996964142,"[[1, 285, True], [2, 362, True], [3, 614, True], [4, 87, True], [5, 728, True]]",,,,,,,,,"{""decisions"": 0, ""conflicts"": 0, ""propagations"": 0, ""restarts"": 0}"
probe,51,,,989,UNSAT,"[[1, 285], [2, 288], [3, 559], [4, 156], [5, 80]]",994,5,0.007856497002649121,"[[1, 285, True], [2, 288, True], [3, 559, True], [4, 156, True], [5, 80, True]]",,,,,,,,,"{""decisions"": 0, ""conflicts"": 0, ""propagations"": 0, ""restarts"": 0}"
probe,52,,,989,UNSAT,"[[1, 285], [2, 62], [3, 723], [4, 800], [5, 196]]",994,5,0.007960430986713618,"[[1, 285, True], [2, 62, True], [3, 723, True], [4, 800, True], [5, 196, True]]",,,,,,,,,"{""decisions"": 0, ""conflicts"": 0, ""propagations"": 0, ""restarts"": 0}"
probe,53,,,989,UNSAT,"[[1, 285], [2, 30], [3, 924], [4, 815], [5, 465]]",994,5,0.007358408998697996,"[[1, 285, True], [2, 30, True], [3, 924, True], [4, 815, True], [5, 465, True]]",,,,,,,,,"{""decisions"": 0, ""conflicts"": 0, ""propagations"": 0, ""restarts"": 0}"
probe,54,,,989,UNSAT,"[[1, 285], [2, 14], [3, 956], [4, 79], [5, 629]]",994,5,0.008422337006777525,"[[1, 285, True], [2, 14, True], [3, 956, True], [4, 79, True], [5, 629, True]]",,,,,,,,,"{""decisions"": 0, ""conflicts"": 0, ""propagations"": 0, ""restarts"": 0}"
probe,55,,,989,UNSAT,"[[1, 259], [2, 991], [3, 816], [4, 301], [5, 385]]",994,5,0.008049811003729701,"[[1, 259, True], [2, 991, True], [3, 816, True], [4, 301, True], [5, 385, True]]",,,,,,,,,"{""decisions"": 0, ""conflicts"": 0, ""propagations"": 0, ""restarts"": 0}"
probe,56,,,989,UNSAT,"[[1, 259], [2, 966], [3, 884], [4, 694], [5, 448]]",994,5,0.008566932010580786,"[[1, 259, True], [2, 966, True], [3, 884, True], [4, 694, True], [5, 448, True]]",,,,,,,,,"{""decisions"": 0, ""conflicts"": 0, ""propagations"": 0, ""restarts"": 0}"
probe,57,,,989,UNSAT,"[[1, 259], [2, 964], [3, 519], [4, 289], [5, 100]]",994,5,0.006720142002450302,"[[1, 259, True], [2, 964, True], [3, 519, True], [4, 289, True], [5, 100, True]]",,,,,,,,,"{""decisions"": 0, ""conflicts"": 0, ""propagations"": 0, ""restarts"": 0}"
probe,58,,,989,UNSAT,"[[1, 259], [2, 958], [3, 617], [4, 779], [5, 994]]",994,5,0.008075726000242867,"[[1, 259, True], [2, 958, True], [3, 617, True], [4, 779, True], [5, 994, True]]",,,,,,,,,"{""decisions"": 0, ""conflicts"": 0, ""propagations"": 0, ""restarts"": 0}"
probe,59,,,989,UNSAT,"[[1, 259], [2, 951], [3, 985], [4, 95], [5, 246]]",994,5,0.007100673989043571,"[[1, 259, True], [2, 951, True], [3, 985, True], [4, 95, True], [5, 246, True]]",,,,,,,,,"{""decisions"": 0, ""conflicts"": 0, ""propagations"": 0, ""restarts"": 0}"
probe,60,,,989,UNSAT,"[[1, 259], [2, 913], [3, 775], [4, 733], [5, 306]]",994,5,0.008620328997494653,"[[1, 259, True], [2, 913, True], [3, 775, True], [4, 733, True], [5, 306, True]]",,,,,,,,,"{""decisions"": 0, ""conflicts"": 0, ""propagations"": 0, ""restarts"": 0}"
probe,61,,,989,UNSAT,"[[1, 259], [2, 901], [3, 632], [4, 971], [5, 730]]",994,5,0.007314463000511751,"[[1, 259, True], [2, 901, True], [3, 632, True], [4, 971, True], [5, 730, True]]",,,,,,,,,"{""decisions"": 0, ""conflicts"": 0, ""propagations"": 0, ""restarts"": 0}"
probe,62,,,989,UNSAT,"[[1, 259], [2, 866], [3, 329], [4, 813], [5, 644]]",994,5,0.008237436006311327,"[[1, 259, True], [2, 866, True], [3, 329, True], [4, 813, True], [5, 644, True]]",,,,,,,,,"{""decisions"": 0, ""conflicts"": 0, ""propagations"": 0, ""restarts"": 0}"
probe,63,,,989,UNSAT,"[[1, 259], [2, 859], [3, 717], [4, 302], [5, 984]]",994,5,0.006797087000450119,"[[1, 259, True], [2, 859, True], [3, 717, True], [4, 302, True], [5, 984, True]]",,,,,,,,,"{""decisions"": 0, ""conflicts"": 0, ""propagations"": 0, ""restarts"": 0}"
probe,64,,,989,UNSAT,"[[1, 259], [2, 820], [3, 778], [4, 616], [5, 720]]",994,5,0.007525711000198498,"[[1, 259, True], [2, 820, True], [3, 778, True], [4, 616, True], [5, 720, True]]",,,,,,,,,"{""decisions"": 0, ""conflicts"": 0, ""propagations"": 0, ""restarts"": 0}"
probe,65,,,989,UNSAT,"[[1, 259], [2, 810], [3, 947], [4, 865], [5, 28]]",994,5,0.008627599992905743,"[[1, 259, True], [2, 810, True], [3, 947, True], [4, 865, True], [5, 28, True]]",,,,,,,,,"{""decisions"": 0, ""conflicts"": 0, ""propagations"": 0, ""restarts"": 0}"
probe,66,,,989,UNSAT,"[[1, 259], [2, 782], [3, 609], [4, 411], [5, 299]]",994,5,0.008588195007178001,"[[1, 259, True], [2, 782, True], [3, 609, True], [4, 411, True], [5, 299, True]]",,,,,,,,,"{""decisions"": 0, ""conflicts"": 0, ""propagations"": 0, ""restarts"": 0}"
probe,67,,,989,UNSAT,"[[1, 259], [2, 712], [3, 789], [4, 239], [5, 776]]",994,5,0.007971946004545316,"[[1, 259, True], [2, 712, True], [3, 789, True], [4, 239, True], [5, 776, True]]",,,,,,,,,"{""decisions"": 0, ""conflicts"": 0, ""propagations"": 0, ""restarts"": 0}"
probe,68,,,989,UNSAT,"[[1, 259], [2, 676], [3, 307], [4, 23], [5, 293]]",994,5,0.00845621500047855,"[[1, 259, True], [2, 676, True], [3, 307, True], [4, 23, True], [5, 293, True]]",,,,,,,,,"{""decisions"": 0, ""conflicts"": 0, ""propagations"": 0, ""restarts"": 0}"
probe,69,,,989,UNSAT,"[[1, 259], [2, 597], [3, 620], [4, 768], [5, 374]]",994,5,0.007433081002091058,"[[1, 259, True], [2, 597, True], [3, 620, True], [4, 768, True], [5, 374, True]]",,,,,,,,,"{""decisions"": 0, ""conflicts"": 0, ""propagations"": 0, ""restarts"": 0}"
probe,70,,,989,UNSAT,"[[1, 259], [2, 538], [3, 364], [4, 291], [5, 405]]",994,5,0.007538377001765184,"[[1, 259, True], [2, 538, True], [3, 364, True], [4, 291, True], [5, 405, True]]",,,,,,,,,"{""decisions"": 0, ""conflicts"": 0, ""propagations"": 0, ""restarts"": 0}"
probe,71,,,989,UNSAT,"[[1, 259], [2, 514], [3, 513], [4, 11], [5, 136]]",994,5,0.0072141830023610964,"[[1, 259, True], [2, 514, True], [3, 513, True], [4, 11, True], [5, 136, True]]",,,,,,,,,"{""decisions"": 0, ""conflicts"": 0, ""propagations"": 0, ""restarts"": 0}"
probe,72,,,989,UNSAT,"[[1, 259], [2, 437], [3, 891], [4, 811], [5, 684]]",994,5,0.007693730003666133,"[[1, 259, True], [2, 437, True], [3, 891, True], [4, 811, True], [5, 684, True]]",,,,,,,,,"{""decisions"": 0, ""conflicts"": 0, ""propagations"": 0, ""restarts"": 0}"
probe,73,,,989,UNSAT,"[[1, 259], [2, 435], [3, 372], [4, 387], [5, 754]]",994,5,0.00769659700745251,"[[1, 259, True], [2, 435, True], [3, 372, True], [4, 387, True], [5, 754, True]]",,,,,,,,,"{""decisions"": 0, ""conflicts"": 0, ""propagations"": 0, ""restarts"": 0}"
probe,74,,,989,UNSAT,"[[1, 259], [2, 362], [3, 673], [4, 15], [5, 863]]",994,5,0.007840596997993998,"[[1, 259, True], [2, 362, True], [3, 673, True], [4, 15, True], [5, 863, True]]",,,,,,,,,"{""decisions"": 0, ""conflicts"": 0, ""propagations"": 0, ""restarts"": 0}"
probe,75,,,989,UNSAT,"[[1, 259], [2, 288], [3, 753], [4, 832], [5, 256]]",994,5,0.0073650520062074065,"[[1, 259, True], [2, 288, True], [3, 753, True], [4, 832, True], [5, 256, True]]",,,,,,,,,"{""decisions"": 0, ""conflicts"": 0, ""propagations"": 0, ""restarts"": 0}"
probe,76,,,989,UNSAT,"[[1, 259], [2, 271], [3, 887], [4, 939], [5, 705]]",994,5,0.008005765004782006,"[[1, 259, True], [2, 271, True], [3, 887, True], [4, 939, True], [5, 705, True]]",,,,,,,,,"{""decisions"": 0, ""conflicts"": 0, ""propagations"": 0, ""restarts"": 0}"
probe,77,,,989,UNSAT,"[[1, 259], [2, 189], [3, 723], [4, 130], [5, 635]]",994,5,0.007580345991300419,"[[1, 259, True], [2, 189, True], [3, 723, True], [4, 130, True], [5, 635, True]]",,,,,,,,,"{""decisions"": 0, ""conflicts"": 0, ""propagations"": 0, ""restarts"": 0}"
probe,78,,,989,UNSAT,"[[1, 259], [2, 154], [3, 853], [4, 862], [5, 540]]",994,5,0.008344622008735314,"[[1, 259, True], [2, 154, True], [3, 853, True], [4, 862, True], [5, 540, True]]",,,,,,,,,"{""decisions"": 0, ""conflicts"": 0, ""propagations"": 0, ""restarts"": 0}"
probe,79,,,989,UNSAT,"[[1, 259], [2, 93], [3, 77], [4, 558], [5, 744]]",994,5,0.007183647001511417,"[[1, 259, True], [2, 93, True], [3, 77, True], [4, 558, True], [5, 744, True]]",,,,,,,,,"{""decisions"": 0, ""conflicts"": 0, ""propagations"": 0, ""restarts"": 0}"
probe,80,,,989,UNSAT,"[[1, 259], [2, 62], [3, 59], [4, 805], [5, 756]]",994,5,0.0070149319944903255,"[[1, 259, True], [2, 62, True], [3, 59, True], [4, 805, True], [5, 756, True]]",,,,,,,,,"{""decisions"": 0, ""conflicts"": 0, ""propagations"": 0, ""restarts"": 0}"
probe,81,,,989,UNSAT,"[[1, 259], [2, 47], [3, 125], [4, 18], [5, 593]]",994,5,0.007545472006313503,"[[1, 259, True], [2, 47, True], [3, 125, True], [4, 18, True], [5, 593, True]]",,,,,,,,,"{""decisions"": 0, ""conflicts"": 0, ""propagations"": 0, ""restarts"": 0}"
probe,82,,,989,UNSAT,"[[1, 259], [2, 30], [3, 766], [4, 870], [5, 232]]",994,5,0.00889125998946838,"[[1, 259, True], [2, 30, True], [3, 766, True], [4, 870, True], [5, 232, True]]",,,,,,,,,"{""decisions"": 0, ""conflicts"": 0, ""propagations"": 0, ""restarts"": 0}"
probe,83,,,989,UNSAT,"[[1, 183], [2, 991], [3, 673], [4, 595], [5, 872]]",994,5,0.00897149700904265,"[[1, 183, True], [2, 991, True], [3, 673, True], [4, 595, True], [5, 872, True]]",,,,,,,,,"{""decisions"": 0, ""conflicts"": 0, ""propagations"": 0, ""restarts"": 0}"
probe,84,,,989,UNSAT,"[[1, 183], [2, 958], [3, 783], [4, 479], [5, 292]]",994,5,0.007837306999135762,"[[1, 183, True], [2, 958, True], [3, 783, True], [4, 479, True], [5, 292, True]]",,,,,,,,,"{""decisions"": 0, ""conflicts"": 0, ""propagations"": 0, ""restarts"": 0}"
probe,85,,,989,UNSAT,"[[1, 183], [2, 951], [3, 671], [4, 491], [5, 897]]",994,5,0.008395202006795444,"[[1, 183, True], [2, 951, True], [3, 671, True], [4, 491, True], [5, 897, True]]",,,,,,,,,"{""decisions"": 0, ""conflicts"": 0, ""propagations"": 0, ""restarts"": 0}"
probe,86,,,989,UNSAT,"[[1, 183], [2, 913], [3, 937], [4, 343], [5, 86]]",994,5,0.008498253009747714,"[[1, 183, True], [2, 913, True], [3, 937, True], [4, 343, True], [5, 86, True]]",,,,,,,,,"{""decisions"": 0, ""conflicts"": 0, ""propagations"": 0, ""restarts"": 0}"
probe,87,,,989,UNSAT,"[[1, 183], [2, 901], [3, 986], [4, 939], [5, 882]]",994,5,0.007411738988594152,"[[1, 183, True], [2, 901, True], [3, 986, True], [4, 939, True], [5, 882, True]]",,,,,,,,,"{""decisions"": 0, ""conflicts"": 0, ""propagations"": 0, ""restarts"": 0}"
probe,88,,,989,UNSAT,"[[1, 183], [2, 866], [3, 972], [4, 848], [5, 871]]",994,5,0.008125198000925593,"[[1, 183, True], [2, 866, True], [3, 972, True], [4, 848, True], [5, 871, True]]",,,,,,,,,"{""decisions"": 0, ""conflicts"": 0, ""propagations"": 0, ""restarts"": 0}"
probe,89,,,989,UNSAT,"[[1, 183], [2, 859], [3, 887], [4, 886], [5, 174]]",994,5,0.007164182999986224,"[[1, 183, True], [2, 859, True], [3, 887, True], [4, 886, True], [5, 174, True]]",,,,,,,,,"{""decisions"": 0, ""conflicts"": 0, ""propagations"": 0, ""restarts"": 0}"
probe,90,,,989,UNSAT,"[[1, 183], [2, 820], [3, 451], [4, 610], [5, 544]]",994,5,0.007774705009069294,"[[1, 183, True], [2, 820, True], [3, 451, True], [4, 610, True], [5, 544, True]]",,,,,,,,,"{""decisions"": 0, ""conflicts"": 0, ""propagations"": 0, ""restarts"": 0}"
probe,91,,,989,UNSAT,"[[1, 183], [2, 810], [3, 574], [4, 112], [5, 210]]",994,5,0.007987741002580151,"[[1, 183, True], [2, 810, True], [3, 574, True], [4, 112, True], [5, 210, True]]",,,,,,,,,"{""decisions"": 0, ""conflicts"": 0, ""propagations"": 0, ""restarts"": 0}"
probe,92,,,989,UNSAT,"[[1, 183], [2, 804], [3, 924], [4, 858], [5, 408]]",994,5,0.008059781990596093,"[[1, 183, True], [2, 804, True], [3, 924, True], [4, 858, True], [5, 408, True]]",,,,,,,,,"{""decisions"": 0, ""conflicts"": 0, ""propagations"": 0, ""restarts"": 0}"
probe,93,,,989,UNSAT,"[[1, 183], [2, 676], [3, 542], [4, 369], [5, 569]]",994,5,0.007990426005562767,"[[1, 183, True], [2, 676, True], [3, 542, True], [4, 369, True], [5, 569, True]]",,,,,,,,,"{""decisions"": 0, ""conflicts"": 0, ""propagations"": 0, ""restarts"": 0}"
probe,94,,,989,UNSAT,"[[1, 183], [2, 611], [3, 513], [4, 118], [5, 83]]",994,5,0.008052684002905153,"[[1, 183, True], [2, 611, True], [3, 513, True], [4, 118, True], [5, 83, True]]",,,,,,,,,"{""decisions"": 0, ""conflicts"": 0, ""propagations"": 0, ""restarts"": 0}"
probe,95,,,989,UNSAT,"[[1, 183], [2, 597], [3, 691], [4, 315], [5, 256]]",994,5,0.007781544001773,"[[1, 183, True], [2, 597, True], [3, 691, True], [4, 315, True], [5, 256, True]]",,,,,,,,,"{""decisions"": 0, ""conflicts"": 0, ""propagations"": 0, ""restarts"": 0}"
probe,96,,,989,UNSAT,"[[1, 183], [2, 554], [3, 775], [4, 19], [5, 246]]",994,5,0.007432957994751632,"[[1, 183, True], [2, 554, True], [3, 775, True], [4, 19, True], [5, 246, True]]",,,,,,,,,"{""decisions"": 0, ""conflicts"": 0, ""propagations"": 0, ""restarts"": 0}"
probe,97,,,989,UNSAT,"[[1, 183], [2, 538], [3, 681], [4, 708], [5, 55]]",994,5,0.007253130999743007,"[[1, 183, True], [2, 538, True], [3, 681, True], [4, 708, True], [5, 55, True]]",,,,,,,,,"{""decisions"": 0, ""conflicts"": 0, ""propagations"": 0, ""restarts"": 0}"
probe,98,,,989,UNSAT,"[[1, 183], [2, 531], [3, 760], [4, 425], [5, 196]]",994,5,0.007760202992358245,"[[1, 183, True], [2, 531, True], [3, 760, True], [4, 425, True], [5, 196, True]]",,,,,,,,,"{""decisions"": 0, ""conflicts"": 0, ""propagations"": 0, ""restarts"": 0}"
probe,99,,,989,UNSAT,"[[1, 183], [2, 437], [3, 717], [4, 195], [5, 113]]",994,5,0.00931904700701125,"[[1, 183, True], [2, 437, True], [3, 717, True], [4, 195, True], [5, 113, True]]",,,,,,,,,"{""decisions"": 0, ""conflicts"": 0, ""propagations"": 0, ""restarts"": 0}"
probe,100,,,989,UNSAT,"[[1, 183], [2, 417], [3, 884], [4, 270], [5, 471]]",994,5,0.009358933995827101,"[[1, 183, True], [2, 417, True], [3, 884, True], [4, 270, True], [5, 471, True]]",,,,,,,,,"{""decisions"": 0, ""conflicts"": 0, ""propagations"": 0, ""restarts"": 0}"
probe,101,,,989,UNSAT,"[[1, 183], [2, 362], [3, 297], [4, 483], [5, 524]]",994,5,0.008207894003135152,"[[1, 183, True], [2, 362, True], [3, 297, True], [4, 483, True], [5, 524, True]]",,,,,,,,,"{""decisions"": 0, ""conflicts"": 0, ""propagations"": 0, ""restarts"": 0}"
probe,102,,,989,UNSAT,"[[1, 183], [2, 288], [3, 617], [4, 760], [5, 224]]",994,5,0.007944326003780589,"[[1, 183, True], [2, 288, True], [3, 617, True], [4, 760, True], [5, 224, True]]",,,,,,,,,"{""decisions"": 0, ""conflicts"": 0, ""propagations"": 0, ""restarts"": 0}"
probe,103,,,989,UNSAT,"[[1, 183], [2, 271], [3, 868], [4, 284], [5, 895]]",994,5,0.007999743000254966,"[[1, 183, True], [2, 271, True], [3, 868, True], [4, 284, True], [5, 895, True]]",,,,,,,,,"{""decisions"": 0, ""conflicts"": 0, ""propagations"": 0, ""restarts"": 0}"
probe,104,,,989,UNSAT,"[[1, 183], [2, 189], [3, 331], [4, 539], [5, 696]]",994,5,0.007622076998814009,"[[1, 183, True], [2, 189, True], [3, 331, True], [4, 539, True], [5, 696, True]]",,,,,,,,,"{""decisions"": 0, ""conflicts"": 0, ""propagations"": 0, ""restarts"": 0}"
probe,105,,,989,UNSAT,"[[1, 183], [2, 154], [3, 964], [4, 187], [5, 517]]",994,5,0.007190512013039552,"[[1, 183, True], [2, 154, True], [3, 964, True], [4, 187, True], [5, 517, True]]",,,,,,,,,"{""decisions"": 0, ""conflicts"": 0, ""propagations"": 0, ""restarts"": 0}"
probe,106,,,989,UNSAT,"[[1, 183], [2, 93], [3, 590], [4, 480], [5, 409]]",994,5,0.007697795008425601,"[[1, 183, True], [2, 93, True], [3, 590, True], [4, 480, True], [5, 409, True]]",,,,,,,,,"{""decisions"": 0, ""conflicts"": 0, ""propagations"": 0, ""restarts"": 0}"
probe,107,,,989,UNSAT,"[[1, 183], [2, 62], [3, 855], [4, 434], [5, 669]]",994,5,0.007299527002032846,"[[1, 183, True], [2, 62, True], [3, 855, True], [4, 434, True], [5, 669, True]]",,,,,,,,,"{""decisions"": 0, ""conflicts"": 0, ""propagations"": 0, ""restarts"": 0}"
probe,108,,,989,UNSAT,"[[1, 183], [2, 14], [3, 822], [4, 890], [5, 173]]",994,5,0.007192522010882385,"[[1, 183, True], [2, 14, True], [3, 822, True], [4, 890, True], [5, 173, True]]",,,,,,,,,"{""decisions"": 0, ""conflicts"": 0, ""propagations"": 0, ""restarts"": 0}"
probe,109,,,989,UNSAT,"[[1, 134], [2, 964], [3, 645], [4, 749], [5, 864]]",994,5,0.007661552997888066,"[[1, 134, True], [2, 964, True], [3, 645, True], [4, 749, True], [5, 864, True]]",,,,,,,,,"{""decisions"": 0, ""conflicts"": 0, ""propagations"": 0, ""restarts"": 0}"
probe,110,,,989,UNSAT,"[[1, 134], [2, 958], [3, 562], [4, 891], [5, 631]]",994,5,0.007113725005183369,"[[1, 134, True], [2, 958, True], [3, 562, True], [4, 891, True], [5, 631, True]]",,,,,,,,,"{""decisions"": 0, ""conflicts"": 0, ""propagations"": 0, ""restarts"": 0}"
probe,111,,,989,UNSAT,"[[1, 134], [2, 866], [3, 834], [4, 662], [5, 882]]",994,5,0.009276267999666743,"[[1, 134, True], [2, 866, True], [3, 834, True], [4, 662, True], [5, 882, True]]",,,,,,,,,"{""decisions"": 0, ""conflicts"": 0, ""propagations"": 0, ""restarts"": 0}"
probe,112,,,989,UNSAT,"[[1, 134], [2, 859], [3, 575], [4, 287], [5, 224]]",994,5,0.0068337940028868616,"[[1, 134, True], [2, 859, True], [3, 575, True], [4, 287, True], [5, 224, True]]",,,,,,,,,"{""decisions"": 0, ""conflicts"": 0, ""propagations"": 0, ""restarts"": 0}"
probe,113,,,989,UNSAT,"[[1, 134], [2, 810], [3, 691], [4, 243], [5, 737]]",994,5,0.007555025003966875,"[[1, 134, True], [2, 810, True], [3, 691, True], [4, 243, True], [5, 737, True]]",,,,,,,,,"{""decisions"": 0, ""conflicts"": 0, ""propagations"": 0, ""restarts"": 0}"
probe,114,,,989,UNSAT,"[[1, 134], [2, 782], [3, 920], [4, 241], [5, 989]]",994,5,0.008243606993346475,"[[1, 134, True], [2, 782, True], [3, 920, True], [4, 241, True], [5, 989, True]]",,,,,,,,,"{""decisions"": 0, ""conflicts"": 0, ""propagations"": 0, ""restarts"": 0}"
probe,115,,,989,UNSAT,"[[1, 134], [2, 712], [3, 873], [4, 506], [5, 222]]",994,5,0.00769029300136026,"[[1, 134, True], [2, 712, True], [3, 873, True], [4, 506, True], [5, 222, True]]",,,,,,,,,"{""decisions"": 0, ""conflicts"": 0, ""propagations"": 0, ""restarts"": 0}"
probe,116,,,989,UNSAT,"[[1, 134], [2, 611], [3, 679], [4, 739], [5, 489]]",994,5,0.00943379099771846,"[[1, 134, True], [2, 611, True], [3, 679, True], [4, 739, True], [5, 489, True]]",,,,,,,,,"{""decisions"": 0, ""conflicts"": 0, ""propagations"": 0, ""restarts"": 0}"
probe,117,,,989,UNSAT,"[[1, 134], [2, 597], [3, 937], [4, 163], [5, 407]]",994,5,0.0072613390075275674,"[[1, 134, True], [2, 597, True], [3, 937, True], [4, 163, True], [5, 407, True]]",,,,,,,,,"{""decisions"": 0, ""conflicts"": 0, ""propagations"": 0, ""restarts"": 0}"
probe,118,,,989,UNSAT,"[[1, 134], [2, 554], [3, 462], [4, 234], [5, 977]]",994,5,0.007981153001310304,"[[1, 134, True], [2, 554, True], [3, 462, True], [4, 234, True], [5, 977, True]]",,,,,,,,,"{""decisions"": 0, ""conflicts"": 0, ""propagations"": 0, ""restarts"": 0}"
probe,119,,,989,UNSAT,"[[1, 134], [2, 538], [3, 919], [4, 170], [5, 783]]",994,5,0.007193684999947436,"[[1, 134, True], [2, 538, True], [3, 919, True], [4, 170, True], [5, 783, True]]",,,,,,,,,"{""decisions"": 0, ""conflicts"": 0, ""propagations"": 0, ""restarts"": 0}"
probe,120,,,989,UNSAT,"[[1, 134], [2, 514], [3, 887], [4, 934], [5, 86]]",994,5,0.0074790469952858984,"[[1, 134, True], [2, 514, True], [3, 887, True], [4, 934, True], [5, 86, True]]",,,,,,,,,"{""decisions"": 0, ""conflicts"": 0, ""propagations"": 0, ""restarts"": 0}"
probe,121,,,989,UNSAT,"[[1, 134], [2, 437], [3, 947], [4, 233], [5, 117]]",994,5,0.00860222899063956,"[[1, 134, True], [2, 437, True], [3, 947, True], [4, 233, True], [5, 117, True]]",,,,,,,,,"{""decisions"": 0, ""conflicts"": 0, ""propagations"": 0, ""restarts"": 0}"
probe,122,,,989,UNSAT,"[[1, 134], [2, 435], [3, 853], [4, 479], [5, 898]]",994,5,0.008049330994253978,"[[1, 134, True], [2, 435, True], [3, 853, True], [4, 479, True], [5, 898, True]]",,,,,,,,,"{""decisions"": 0, ""conflicts"": 0, ""propagations"": 0, ""restarts"": 0}"
probe,123,,,989,UNSAT,"[[1, 134], [2, 417], [3, 986], [4, 483], [5, 922]]",994,5,0.007470119002391584,"[[1, 134, True], [2, 417, True], [3, 986, True], [4, 483, True], [5, 922, True]]",,,,,,,,,"{""decisions"": 0, ""conflicts"": 0, ""propagations"": 0, ""restarts"": 0}"
probe,124,,,989,UNSAT,"[[1, 134], [2, 271], [3, 955], [4, 136], [5, 299]]",994,5,0.008144513005390763,"[[1, 134, True], [2, 271, True], [3, 955, True], [4, 136, True], [5, 299, True]]",,,,,,,,,"{""decisions"": 0, ""conflicts"": 0, ""propagations"": 0, ""restarts"": 0}"
probe,125,,,989,UNSAT,"[[1, 134], [2, 189], [3, 982], [4, 793], [5, 776]]",994,5,0.00718940699880477,"[[1, 134, True], [2, 189, True], [3, 982, True], [4, 793, True], [5, 776, True]]",,,,,,,,,"{""decisions"": 0, ""conflicts"": 0, ""propagations"": 0, ""restarts"": 0}"
probe,126,,,989,UNSAT,"[[1, 134], [2, 154], [3, 549], [4, 4], [5, 426]]",994,5,0.006952330993954092,"[[1, 134, True], [2, 154, True], [3, 549, True], [4, 4, True], [5, 426, True]]",,,,,,,,,"{""decisions"": 0, ""conflicts"": 0, ""propagations"": 0, ""restarts"": 0}"
probe,127,,,989,UNSAT,"[[1, 134], [2, 93], [3, 627], [4, 974], [5, 629]]",994,5,0.007159181986935437,"[[1, 134, True], [2, 93, True], [3, 627, True], [4, 974, True], [5, 629, True]]",,,,,,,,,"{""decisions"": 0, ""conflicts"": 0, ""propagations"": 0, ""restarts"": 0}"
master,0,base,replay,991,SAT,,,,28.355281130003277,,991,6,55947,214806,,,,,"{""decisions"": 483968, ""conflicts"": 127951, ""propagations"": 259210386, ""restarts"": 1633}"
master,1,base,replay,990,SAT,,,,20.195854036996025,,990,6,56938,218769,,,,,"{""decisions"": 285138, ""conflicts"": 77017, ""propagations"": 189453466, ""restarts"": 1430}"
master,2,base,final,989,TIMEOUT,,,,600.0,,,,57928,222728,,,,,null
master,0,mined,replay,991,SAT,,,,29.802041415998247,,991,6,55947,214806,,,,,"{""decisions"": 483968, ""conflicts"": 127951, ""propagations"": 259210386, ""restarts"": 1633}"
master,1,mined,replay,990,SAT,,,,20.32540096998855,,990,6,56938,218769,,,,,"{""decisions"": 285138, ""conflicts"": 77017, ""propagations"": 189453466, ""restarts"": 1430}"
master,2,mined,final,989,TIMEOUT,,,,600.0,,,,57928,222856,,,,,null
