record_type,index,mode,stage,depth,prefix,parent_status,source_count,best_source_k,result,solve_time,propagation_time,query_wall_time,actual_k,containment_time,pruned_schedules,variables_before_solve,clauses_before_solve,decisions,conflicts,propagations,restarts,stats
sanity,0,,,3,"[[1, 568], [2, 546], [3, 599]]",,,,UNSAT_SOLVE,6.014171099013765,0.004396544987685047,6.01856764400145,,,,,,,,,,"{""decisions"": 73309, ""conflicts"": 19834, ""propagations"": 48535900, ""restarts"": 249}"
sanity,1,,,5,"[[1, 568], [2, 546], [3, 599], [4, 67], [5, 732]]",,,,UNSAT_PROPAGATION,0.0,0.0066500969987828285,0.0066500969987828285,,,,,,,,,,"{""decisions"": 0, ""conflicts"": 0, ""propagations"": 0, ""restarts"": 0}"
trie_probe,0,,,1,"[[1, 259]]",ROOT,31,993,TIMEOUT,,0.0005298759933793917,,,,,,,,,,,null
trie_probe,1,,,2,"[[1, 259], [2, 14]]",TIMEOUT,1,993,TIMEOUT,,0.0012791920016752556,,,,,,,,,,,null
trie_probe,2,,,3,"[[1, 259], [2, 14], [3, 533]]",TIMEOUT,1,993,UNSAT_SOLVE,8.926972247005324,0.003487531008431688,8.930459778013756,,,,,,,,,,"{""decisions"": 67928, ""conflicts"": 24915, ""propagations"": 68358199, ""restarts"": 153}"
trie_probe,3,,,2,"[[1, 259], [2, 417]]",TIMEOUT,1,993,TIMEOUT,,0.0012660649954341352,,,,,,,,,,,null
trie_probe,4,,,3,"[[1, 259], [2, 417], [3, 198]]",TIMEOUT,1,993,UNSAT_SOLVE,7.616135975011275,0.0031399929866893217,7.6192759679979645,,,,,,,,,,"{""decisions"": 94164, ""conflicts"": 21888, ""propagations"": 63710557, ""restarts"": 321}"
trie_probe,5,,,2,"[[1, 259], [2, 804]]",TIMEOUT,1,993,TIMEOUT,,0.001361429996904917,,,,,,,,,,,null
trie_probe,6,,,3,"[[1, 259], [2, 804], [3, 651]]",TIMEOUT,1,993,UNSAT_SOLVE,9.62481296400074,0.0031433749973075464,9.627956338998047,,,,,,,,,,"{""decisions"": 77875, ""conflicts"": 27787, ""propagations"": 81422994, ""restarts"": 142}"
trie_probe,7,,,2,"[[1, 259], [2, 30]]",TIMEOUT,1,994,TIMEOUT,,0.0012228099949425086,,,,,,,,,,,null
trie_probe,8,,,3,"[[1, 259], [2, 30], [3, 766]]",TIMEOUT,1,994,UNSAT_SOLVE,7.6165966910048155,0.0028405189950717613,7.619437209999887,,,,,,,,,,"{""decisions"": 96165, ""conflicts"": 22537, ""propagations"": 59067544, ""restarts"": 363}"
trie_probe,9,,,2,"[[1, 259], [2, 47]]",TIMEOUT,1,994,TIMEOUT,,0.0013157039938960224,,,,,,,,,,,null
trie_probe,10,,,3,"[[1, 259], [2, 47], [3, 125]]",TIMEOUT,1,994,UNSAT_SOLVE,7.669579762005014,0.003223184001399204,7.6728029460064135,,,,,,,,,,"{""decisions"": 58851, ""conflicts"": 17053, ""propagations"": 60815568, ""restarts"": 110}"
trie_probe,11,,,2,"[[1, 259], [2, 62]]",TIMEOUT,1,994,TIMEOUT,,0.0014069149910937995,,,,,,,,,,,null
trie_probe,12,,,3,"[[1, 259], [2, 62], [3, 59]]",TIMEOUT,1,994,UNSAT_SOLVE,8.902330254000844,0.0037203399988356978,8.90605059399968,,,,,,,,,,"{""decisions"": 104481, ""conflicts"": 26614, ""propagations"": 73181353, ""restarts"": 319}"
trie_probe,13,,,2,"[[1, 259], [2, 93]]",TIMEOUT,1,994,TIMEOUT,,0.0011852609895868227,,,,,,,,,,,null
trie_probe,14,,,3,"[[1, 259], [2, 93], [3, 77]]",TIMEOUT,1,994,UNSAT_SOLVE,6.458588895999128,0.0028653920016949996,6.461454288000823,,,,,,,,,,"{""decisions"": 63015, ""conflicts"": 19053, ""propagations"": 51391184, ""restarts"": 147}"
trie_probe,15,,,2,"[[1, 259], [2, 154]]",TIMEOUT,1,994,TIMEOUT,,0.0011812989978352562,,,,,,,,,,,null
trie_probe,16,,,3,"[[1, 259], [2, 154], [3, 853]]",TIMEOUT,1,994,UNSAT_SOLVE,9.285039381997194,0.003322877993923612,9.288362259991118,,,,,,,,,,"{""decisions"": 81204, ""conflicts"": 25830, ""propagations"": 74493934, ""restarts"": 242}"
trie_probe,17,,,2,"[[1, 259], [2, 189]]",TIMEOUT,1,994,TIMEOUT,,0.0015859130071476102,,,,,,,,,,,null
trie_probe,18,,,3,"[[1, 259], [2, 189], [3, 723]]",TIMEOUT,1,994,UNSAT_SOLVE,7.504867165989708,0.0028853760013589635,7.507752541991067,,,,,,,,,,"{""decisions"": 77672, ""conflicts"": 21225, ""propagations"": 58111809, ""restarts"": 221}"
trie_probe,19,,,2,"[[1, 259], [2, 271]]",TIMEOUT,1,994,TIMEOUT,,0.001339944006758742,,,,,,,,,,,null
trie_probe,20,,,3,"[[1, 259], [2, 271], [3, 887]]",TIMEOUT,1,994,UNSAT_SOLVE,6.672625848004827,0.003035481000551954,6.675661329005379,,,,,,,,,,"{""decisions"": 74564, ""conflicts"": 20399, ""propagations"": 54640033, ""restarts"": 330}"
trie_probe,21,,,2,"[[1, 259], [2, 288]]",TIMEOUT,1,994,TIMEOUT,,0.0012362090055830777,,,,,,,,,,,null
trie_probe,22,,,3,"[[1, 259], [2, 288], [3, 753]]",TIMEOUT,1,994,UNSAT_SOLVE,7.350328697008081,0.002988804000779055,7.35331750100886,,,,,,,,,,"{""decisions"": 71152, ""conflicts"": 23640, ""propagations"": 62756142, ""restarts"": 181}"
trie_probe,23,,,2,"[[1, 259], [2, 362]]",TIMEOUT,1,994,TIMEOUT,,0.0012737100041704252,,,,,,,,,,,null
trie_probe,24,,,3,"[[1, 259], [2, 362], [3, 673]]",TIMEOUT,1,994,UNSAT_SOLVE,7.0463345640018815,0.0033588340011192486,7.049693398003001,,,,,,,,,,"{""decisions"": 59043, ""conflicts"": 17967, ""propagations"": 50250864, ""restarts"": 137}"
trie_probe,25,,,2,"[[1, 259], [2, 435]]",TIMEOUT,1,994,TIMEOUT,,0.0012495580012910068,,,,,,,,,,,null
trie_probe,26,,,3,"[[1, 259], [2, 435], [3, 372]]",TIMEOUT,1,994,UNSAT_SOLVE,8.131475294008851,0.0029446389962686226,8.13441993300512,,,,,,,,,,"{""decisions"": 88197, ""conflicts"": 23006, ""propagations"": 68971414, ""restarts"": 319}"
trie_probe,27,,,2,"[[1, 259], [2, 437]]",TIMEOUT,1,994,TIMEOUT,,0.0012219899945193902,,,,,,,,,,,null
trie_probe,28,,,3,"[[1, 259], [2, 437], [3, 891]]",TIMEOUT,1,994,TIMEOUT,,0.003502392995869741,,,,,,,,,,,null
trie_probe,29,,,4,"[[1, 259], [2, 437], [3, 891], [4, 811]]",TIMEOUT,1,994,UNSAT_SOLVE,0.43540545098949224,0.005088609002996236,0.4404940599924885,,,,,,,,,,"{""decisions"": 1440, ""conflicts"": 328, ""propagations"": 1074667, ""restarts"": 19}"
trie_probe,30,,,2,"[[1, 259], [2, 514]]",TIMEOUT,1,994,TIMEOUT,,0.0011455000058049336,,,,,,,,,,,null
trie_probe,31,,,3,"[[1, 259], [2, 514], [3, 513]]",TIMEOUT,1,994,UNSAT_SOLVE,9.235854914004449,0.0031160529906628653,9.238970966995112,,,,,,,,,,"{""decisions"": 86212, ""conflicts"": 25743, ""propagations"": 73580575, ""restarts"": 204}"
trie_probe,32,,,2,"[[1, 259], [2, 538]]",TIMEOUT,1,994,TIMEOUT,,0.0011712039995472878,,,,,,,,,,,null
trie_probe,33,,,3,"[[1, 259], [2, 538], [3, 364]]",TIMEOUT,1,994,UNSAT_SOLVE,7.787421955988975,0.003246877997298725,7.790668833986274,,,,,,,,,,"{""decisions"": 92095, ""conflicts"": 22211, ""propagations"": 59615770, ""restarts"": 276}"
trie_probe,34,,,2,"[[1, 259], [2, 597]]",TIMEOUT,1,994,TIMEOUT,,0.0011599209974519908,,,,,,,,,,,null
trie_probe,35,,,3,"[[1, 259], [2, 597], [3, 620]]",TIMEOUT,1,994,UNSAT_SOLVE,9.816248118004296,0.003636752997408621,9.819884871001705,,,,,,,,,,"{""decisions"": 67595, ""conflicts"": 25071, ""propagations"": 84697702, ""restarts"": 150}"
trie_probe,36,,,2,"[[1, 259], [2, 676]]",TIMEOUT,1,994,TIMEOUT,,0.0013664709986187518,,,,,,,,,,,null
trie_probe,37,,,3,"[[1, 259], [2, 676], [3, 307]]",TIMEOUT,1,994,UNSAT_SOLVE,7.0380418700078735,0.00335055599862244,7.041392426006496,,,,,,,,,,"{""decisions"": 96689, ""conflicts"": 19785, ""propagations"": 54229280, ""restarts"": 363}"
trie_probe,38,,,2,"[[1, 259], [2, 712]]",TIMEOUT,1,994,TIMEOUT,,0.0011486860021250322,,,,,,,,,,,null
trie_probe,39,,,3,"[[1, 259], [2, 712], [3, 789]]",TIMEOUT,1,994,UNSAT_SOLVE,8.621007365989499,0.0031423360051121563,8.624149701994611,,,,,,,,,,"{""decisions"": 97435, ""conflicts"": 24136, ""propagations"": 62537654, ""restarts"": 301}"
trie_probe,40,,,2,"[[1, 259], [2, 782]]",TIMEOUT,1,994,TIMEOUT,,0.0011577510013012215,,,,,,,,,,,null
trie_probe,41,,,3,"[[1, 259], [2, 782], [3, 609]]",TIMEOUT,1,994,UNSAT_SOLVE,6.414394756997353,0.002957652002805844,6.417352409000159,,,,,,,,,,"{""decisions"": 72366, ""conflicts"": 17966, ""propagations"": 47066019, ""restarts"": 296}"
trie_probe,42,,,2,"[[1, 259], [2, 810]]",TIMEOUT,1,994,TIMEOUT,,0.00122355499479454,,,,,,,,,,,null
trie_probe,43,,,3,"[[1, 259], [2, 810], [3, 947]]",TIMEOUT,1,994,UNSAT_SOLVE,7.257712776001426,0.00290473600034602,7.260617512001772,,,,,,,,,,"{""decisions"": 75469, ""conflicts"": 20538, ""propagations"": 55250225, ""restarts"": 234}"
trie_probe,44,,,2,"[[1, 259], [2, 820]]",TIMEOUT,1,994,TIMEOUT,,0.0013279300037538633,,,,,,,,,,,null
trie_probe,45,,,3,"[[1, 259], [2, 820], [3, 778]]",TIMEOUT,1,994,UNSAT_SOLVE,9.913024922992918,0.0037669849989470094,9.916791907991865,,,,,,,,,,"{""decisions"": 120720, ""conflicts"": 26263, ""propagations"": 64708421, ""restarts"": 361}"
trie_probe,46,,,2,"[[1, 259], [2, 859]]",TIMEOUT,1,994,TIMEOUT,,0.00121099800162483,,,,,,,,,,,null
trie_probe,47,,,3,"[[1, 259], [2, 859], [3, 717]]",TIMEOUT,1,994,UNSAT_SOLVE,6.723637113987934,0.003067884987103753,6.726704998975038,,,,,,,,,,"{""decisions"": 79851, ""conflicts"": 16660, ""propagations"": 49849409, ""restarts"": 222}"
trie_probe,48,,,2,"[[1, 259], [2, 866]]",TIMEOUT,1,994,TIMEOUT,,0.001196087003336288,,,,,,,,,,,null
trie_probe,49,,,3,"[[1, 259], [2, 866], [3, 329]]",TIMEOUT,1,994,TIMEOUT,,0.003483876003883779,,,,,,,,,,,null
trie_probe,50,,,4,"[[1, 259], [2, 866], [3, 329], [4, 813]]",TIMEOUT,1,994,UNSAT_SOLVE,0.4727540360036073,0.0051357990014366806,0.477889835005044,,,,,,,,,,"{""decisions"": 1427, ""conflicts"": 400, ""propagations"": 1270590, ""restarts"": 42}"
trie_probe,51,,,2,"[[1, 259], [2, 901]]",TIMEOUT,1,994,TIMEOUT,,0.001211179987876676,,,,,,,,,,,null
trie_probe,52,,,3,"[[1, 259], [2, 901], [3, 632]]",TIMEOUT,1,994,UNSAT_SOLVE,7.193566764995921,0.002940714010037482,7.196507479005959,,,,,,,,,,"{""decisions"": 65199, ""conflicts"": 17523, ""propagations"": 48452391, ""restarts"": 155}"
trie_probe,53,,,2,"[[1, 259], [2, 913]]",TIMEOUT,1,994,TIMEOUT,,0.0013361379969865084,,,,,,,,,,,null
trie_probe,54,,,3,"[[1, 259], [2, 913], [3, 775]]",TIMEOUT,1,994,UNSAT_SOLVE,7.047437015993637,0.002810496007441543,7.050247512001079,,,,,,,,,,"{""decisions"": 78505, ""conflicts"": 19639, ""propagations"": 53979514, ""restarts"": 229}"
trie_probe,55,,,2,"[[1, 259], [2, 951]]",TIMEOUT,1,994,TIMEOUT,,0.0014323729992611334,,,,,,,,,,,null
trie_probe,56,,,3,"[[1, 259], [2, 951], [3, 985]]",TIMEOUT,1,994,UNSAT_SOLVE,8.447826714007533,0.003187661000993103,8.451014375008526,,,,,,,,,,"{""decisions"": 87361, ""conflicts"": 23690, ""propagations"": 68763641, ""restarts"": 338}"
trie_probe,57,,,2,"[[1, 259], [2, 958]]",TIMEOUT,1,994,TIMEOUT,,0.0012085130001651123,,,,,,,,,,,null
trie_probe,58,,,3,"[[1, 259], [2, 958], [3, 617]]",TIMEOUT,1,994,UNSAT_SOLVE,6.453992598995683,0.003274867995060049,6.457267466990743,,,,,,,,,,"{""decisions"": 57250, ""conflicts"": 17715, ""propagations"": 49653136, ""restarts"": 192}"
trie_probe,59,,,2,"[[1, 259], [2, 964]]",TIMEOUT,1,994,TIMEOUT,,0.0011768219992518425,,,,,,,,,,,null
trie_probe,60,,,3,"[[1, 259], [2, 964], [3, 519]]",TIMEOUT,1,994,UNSAT_SOLVE,8.373373983005877,0.003047469988814555,8.376421452994691,,,,,,,,,,"{""decisions"": 98604, ""conflicts"": 22055, ""propagations"": 64578746, ""restarts"": 279}"
trie_probe,61,,,2,"[[1, 259], [2, 966]]",TIMEOUT,1,994,TIMEOUT,,0.0013896570017095655,,,,,,,,,,,null
trie_probe,62,,,3,"[[1, 259], [2, 966], [3, 884]]",TIMEOUT,1,994,TIMEOUT,,0.0033367420110153034,,,,,,,,,,,null
trie_probe,63,,,4,"[[1, 259], [2, 966], [3, 884], [4, 694]]",TIMEOUT,1,994,UNSAT_SOLVE,0.4082092989992816,0.005491228002938442,0.41370052700222004,,,,,,,,,,"{""decisions"": 951, ""conflicts"": 309, ""propagations"": 930011, ""restarts"": 7}"
trie_probe,64,,,2,"[[1, 259], [2, 991]]",TIMEOUT,1,994,TIMEOUT,,0.0011370770080247894,,,,,,,,,,,null
trie_probe,65,,,3,"[[1, 259], [2, 991], [3, 816]]",TIMEOUT,1,994,TIMEOUT,,0.003039001996512525,,,,,,,,,,,null
trie_probe,66,,,4,"[[1, 259], [2, 991], [3, 816], [4, 301]]",TIMEOUT,1,994,UNSAT_SOLVE,0.419045324990293,0.0053434540022863075,0.4243887789925793,,,,,,,,,,"{""decisions"": 1134, ""conflicts"": 314, ""propagations"": 844843, ""restarts"": 23}"
trie_probe,67,,,1,"[[1, 183]]",ROOT,27,994,TIMEOUT,,0.0006093219999456778,,,,,,,,,,,null
trie_probe,68,,,2,"[[1, 183], [2, 14]]",TIMEOUT,1,994,TIMEOUT,,0.0015466129989363253,,,,,,,,,,,null
trie_probe,69,,,3,"[[1, 183], [2, 14], [3, 822]]",TIMEOUT,1,994,UNSAT_SOLVE,8.673675983998692,0.002962032987852581,8.676638016986544,,,,,,,,,,"{""decisions"": 70739, ""conflicts"": 23367, ""propagations"": 62180009, ""restarts"": 143}"
trie_probe,70,,,2,"[[1, 183], [2, 62]]",TIMEOUT,1,994,TIMEOUT,,0.0013537710037780926,,,,,,,,,,,null
trie_probe,71,,,3,"[[1, 183], [2, 62], [3, 855]]",TIMEOUT,1,994,UNSAT_SOLVE,9.534491494006943,0.003627621990744956,9.538119115997688,,,,,,,,,,"{""decisions"": 90197, ""conflicts"": 25535, ""propagations"": 69861537, ""restarts"": 279}"
trie_probe,72,,,2,"[[1, 183], [2, 93]]",TIMEOUT,1,994,TIMEOUT,,0.0016335589898517355,,,,,,,,,,,null
trie_probe,73,,,3,"[[1, 183], [2, 93], [3, 590]]",TIMEOUT,1,994,UNSAT_SOLVE,9.084625182003947,0.0033175259886775166,9.087942707992624,,,,,,,,,,"{""decisions"": 80348, ""conflicts"": 24394, ""propagations"": 61585073, ""restarts"": 324}"
trie_probe,74,,,2,"[[1, 183], [2, 154]]",TIMEOUT,1,994,TIMEOUT,,0.001388471995596774,,,,,,,,,,,null
trie_probe,75,,,3,"[[1, 183], [2, 154], [3, 964]]",TIMEOUT,1,994,TIMEOUT,,0.0029227549966890365,,,,,,,,,,,null
trie_probe,76,,,4,"[[1, 183], [2, 154], [3, 964], [4, 187]]",TIMEOUT,1,994,UNSAT_SOLVE,0.5841608340124367,0.006705544001306407,0.5908663780137431,,,,,,,,,,"{""decisions"": 1425, ""conflicts"": 462, ""propagations"": 1631923, ""restarts"": 32}"
trie_probe,77,,,2,"[[1, 183], [2, 189]]",TIMEOUT,1,994,TIMEOUT,,0.0014271330001065508,,,,,,,,,,,null
trie_probe,78,,,3,"[[1, 183], [2, 189], [3, 331]]",TIMEOUT,1,994,UNSAT_SOLVE,8.757268703004229,0.003264400002080947,8.76053310300631,,,,,,,,,,"{""decisions"": 84689, ""conflicts"": 25297, ""propagations"": 56638627, ""restarts"": 208}"
trie_probe,79,,,2,"[[1, 183], [2, 271]]",TIMEOUT,1,994,TIMEOUT,,0.0013361760065890849,,,,,,,,,,,null
trie_probe,80,,,3,"[[1, 183], [2, 271], [3, 868]]",TIMEOUT,1,994,TIMEOUT,,0.0032677139970473945,,,,,,,,,,,null
trie_probe,81,,,4,"[[1, 183], [2, 271], [3, 868], [4, 284]]",TIMEOUT,1,994,UNSAT_SOLVE,0.5167167690087808,0.008108723995974287,0.5248254930047551,,,,,,,,,,"{""decisions"": 1025, ""conflicts"": 245, ""propagations"": 795001, ""restarts"": 5}"
trie_probe,82,,,2,"[[1, 183], [2, 288]]",TIMEOUT,1,994,TIMEOUT,,0.0012509460066212341,,,,,,,,,,,null
trie_probe,83,,,3,"[[1, 183], [2, 288], [3, 617]]",TIMEOUT,1,994,UNSAT_SOLVE,9.694783932005521,0.002777396992314607,9.697561328997836,,,,,,,,,,"{""decisions"": 108466, ""conflicts"": 28270, ""propagations"": 69184832, ""restarts"": 383}"
trie_probe,84,,,2,"[[1, 183], [2, 362]]",TIMEOUT,1,994,TIMEOUT,,0.0012373820063658059,,,,,,,,,,,null
trie_probe,85,,,3,"[[1, 183], [2, 362], [3, 297]]",TIMEOUT,1,994,TIMEOUT,,0.0028044049977324903,,,,,,,,,,,null
trie_probe,86,,,4,"[[1, 183], [2, 362], [3, 297], [4, 483]]",TIMEOUT,1,994,UNSAT_SOLVE,0.45310597799834795,0.005479601997649297,0.45858557999599725,,,,,,,,,,"{""decisions"": 948, ""conflicts"": 399, ""propagations"": 1469105, ""restarts"": 0}"
trie_probe,87,,,2,"[[1, 183], [2, 417]]",TIMEOUT,1,994,TIMEOUT,,0.0012592100101755932,,,,,,,,,,,null
trie_probe,88,,,3,"[[1, 183], [2, 417], [3, 884]]",TIMEOUT,1,994,TIMEOUT,,0.0027855060034198686,,,,,,,,,,,null
trie_probe,89,,,4,"[[1, 183], [2, 417], [3, 884], [4, 270]]",TIMEOUT,1,994,UNSAT_SOLVE,0.5646096139971633,0.0064774149941513315,0.5710870289913146,,,,,,,,,,"{""decisions"": 1907, ""conflicts"": 675, ""propagations"": 2281830, ""restarts"": 15}"
trie_probe,90,,,2,"[[1, 183], [2, 437]]",TIMEOUT,1,994,TIMEOUT,,0.0012009600031888112,,,,,,,,,,,null
trie_probe,91,,,3,"[[1, 183], [2, 437], [3, 717]]",TIMEOUT,1,994,UNSAT_SOLVE,9.066019593999954,0.0027842779963975772,9.068803871996352,,,,,,,,,,"{""decisions"": 83582, ""conflicts"": 26534, ""propagations"": 74659080, ""restarts"": 228}"
trie_probe,92,,,2,"[[1, 183], [2, 531]]",TIMEOUT,1,994,TIMEOUT,,0.0011716089939000085,,,,,,,,,,,null
trie_probe,93,,,3,"[[1, 183], [2, 531], [3, 760]]",TIMEOUT,1,994,UNSAT_SOLVE,9.251588733997778,0.0029814520094078034,9.254570186007186,,,,,,,,,,"{""decisions"": 69222, ""conflicts"": 29052, ""propagations"": 74777065, ""restarts"": 103}"
trie_probe,94,,,2,"[[1, 183], [2, 538]]",TIMEOUT,1,994,TIMEOUT,,0.0012127119989600033,,,,,,,,,,,null
trie_probe,95,,,3,"[[1, 183], [2, 538], [3, 681]]",TIMEOUT,1,994,TIMEOUT,,0.002940948004834354,,,,,,,,,,,null
trie_probe,96,,,4,"[[1, 183], [2, 538], [3, 681], [4, 708]]",TIMEOUT,1,994,UNSAT_SOLVE,0.49014197698852513,0.004851905003306456,0.4949938819918316,,,,,,,,,,"{""decisions"": 1092, ""conflicts"": 282, ""propagations"": 1358110, ""restarts"": 9}"
trie_probe,97,,,2,"[[1, 183], [2, 554]]",TIMEOUT,1,994,TIMEOUT,,0.001201994004077278,,,,,,,,,,,null
trie_probe,98,,,3,"[[1, 183], [2, 554], [3, 775]]",TIMEOUT,1,994,TIMEOUT,,0.009210557996993884,,,,,,,,,,,null
trie_probe,99,,,4,"[[1, 183], [2, 554], [3, 775], [4, 19]]",TIMEOUT,1,994,UNSAT_SOLVE,0.6655264620058006,0.005623535995255224,0.6711499980010558,,,,,,,,,,"{""decisions"": 2478, ""conflicts"": 507, ""propagations"": 1795579, ""restarts"": 26}"
trie_probe,100,,,2,"[[1, 183], [2, 597]]",TIMEOUT,1,994,TIMEOUT,,0.0012986119982087985,,,,,,,,,,,null
trie_probe,101,,,3,"[[1, 183], [2, 597], [3, 691]]",TIMEOUT,1,994,TIMEOUT,,0.00284816199564375,,,,,,,,,,,null
trie_probe,102,,,4,"[[1, 183], [2, 597], [3, 691], [4, 315]]",TIMEOUT,1,994,UNSAT_SOLVE,0.4635377550002886,0.005294071001117118,0.4688318260014057,,,,,,,,,,"{""decisions"": 874, ""conflicts"": 259, ""propagations"": 1309712, ""restarts"": 2}"
trie_probe,103,,,2,"[[1, 183], [2, 611]]",TIMEOUT,1,994,TIMEOUT,,0.0012103319895686582,,,,,,,,,,,null
trie_probe,104,,,3,"[[1, 183], [2, 611], [3, 513]]",TIMEOUT,1,994,UNSAT_SOLVE,8.658662675996311,0.0031684209970990196,8.66183109699341,,,,,,,,,,"{""decisions"": 93241, ""conflicts"": 20626, ""propagations"": 60472817, ""restarts"": 352}"
trie_probe,105,,,2,"[[1, 183], [2, 676]]",TIMEOUT,1,994,TIMEOUT,,0.0012119129969505593,,,,,,,,,,,null
trie_probe,106,,,3,"[[1, 183], [2, 676], [3, 542]]",TIMEOUT,1,994,TIMEOUT,,0.003205789005733095,,,,,,,,,,,null
trie_probe,107,,,4,"[[1, 183], [2, 676], [3, 542], [4, 369]]",TIMEOUT,1,994,UNSAT_SOLVE,0.5353010910039302,0.004763363001984544,0.5400644540059147,,,,,,,,,,"{""decisions"": 1452, ""conflicts"": 504, ""propagations"": 1705223, ""restarts"": 11}"
trie_probe,108,,,2,"[[1, 183], [2, 804]]",TIMEOUT,1,994,TIMEOUT,,0.001315874993451871,,,,,,,,,,,null
trie_probe,109,,,3,"[[1, 183], [2, 804], [3, 924]]",TIMEOUT,1,994,UNSAT_SOLVE,9.21831451500475,0.002641226994455792,9.220955741999205,,,,,,,,,,"{""decisions"": 86316, ""conflicts"": 27444, ""propagations"": 72989556, ""restarts"": 292}"
trie_probe,110,,,2,"[[1, 183], [2, 810]]",TIMEOUT,1,994,TIMEOUT,,0.0011251190007897094,,,,,,,,,,,null
trie_probe,111,,,3,"[[1, 183], [2, 810], [3, 574]]",TIMEOUT,1,994,UNSAT_SOLVE,9.023973012008355,0.0028268330061109737,9.026799845014466,,,,,,,,,,"{""decisions"": 78965, ""conflicts"": 24606, ""propagations"": 73150495, ""restarts"": 180}"
trie_probe,112,,,2,"[[1, 183], [2, 820]]",TIMEOUT,1,994,TIMEOUT,,0.0011359409982105717,,,,,,,,,,,null
trie_probe,113,,,3,"[[1, 183], [2, 820], [3, 451]]",TIMEOUT,1,994,TIMEOUT,,0.0030208030075300485,,,,,,,,,,,null
trie_probe,114,,,4,"[[1, 183], [2, 820], [3, 451], [4, 610]]",TIMEOUT,1,994,UNSAT_SOLVE,0.46620606500073336,0.0049324710125802085,0.47113853601331357,,,,,,,,,,"{""decisions"": 1323, ""conflicts"": 470, ""propagations"": 1344055, ""restarts"": 9}"
trie_probe,115,,,2,"[[1, 183], [2, 859]]",TIMEOUT,1,994,TIMEOUT,,0.0011391470034141093,,,,,,,,,,,null
trie_probe,116,,,3,"[[1, 183], [2, 859], [3, 887]]",TIMEOUT,1,994,TIMEOUT,,0.002822566995746456,,,,,,,,,,,null
trie_probe,117,,,4,"[[1, 183], [2, 859], [3, 887], [4, 886]]",TIMEOUT,1,994,UNSAT_SOLVE,0.4623271949967602,0.004606675996910781,0.466933870993671,,,,,,,,,,"{""decisions"": 1194, ""conflicts"": 330, ""propagations"": 1558706, ""restarts"": 7}"
trie_probe,118,,,2,"[[1, 183], [2, 866]]",TIMEOUT,1,994,TIMEOUT,,0.0011590679932851344,,,,,,,,,,,null
trie_probe,119,,,3,"[[1, 183], [2, 866], [3, 972]]",TIMEOUT,1,994,TIMEOUT,,0.002758400994935073,,,,,,,,,,,null
trie_probe,120,,,4,"[[1, 183], [2, 866], [3, 972], [4, 848]]",TIMEOUT,1,994,UNSAT_SOLVE,0.637561249997816,0.004905043009785004,0.642466293007601,,,,,,,,,,"{""decisions"": 1918, ""conflicts"": 705, ""propagations"": 2176531, ""restarts"": 19}"
trie_probe,121,,,2,"[[1, 183], [2, 901]]",TIMEOUT,1,994,TIMEOUT,,0.0012037069973303005,,,,,,,,,,,null
trie_probe,122,,,3,"[[1, 183], [2, 901], [3, 986]]",TIMEOUT,1,994,TIMEOUT,,0.003914447996066883,,,,,,,,,,,null
trie_probe,123,,,4,"[[1, 183], [2, 901], [3, 986], [4, 939]]",TIMEOUT,1,994,UNSAT_SOLVE,0.575957383000059,0.005486791997100227,0.5814441749971593,,,,,,,,,,"{""decisions"": 1315, ""conflicts"": 504, ""propagations"": 1438335, ""restarts"": 17}"
trie_probe,124,,,2,"[[1, 183], [2, 913]]",TIMEOUT,1,994,TIMEOUT,,0.001499664009315893,,,,,,,,,,,null
trie_probe,125,,,3,"[[1, 183], [2, 913], [3, 937]]",TIMEOUT,1,994,TIMEOUT,,0.0029311600083019584,,,,,,,,,,,null
trie_probe,126,,,4,"[[1, 183], [2, 913], [3, 937], [4, 343]]",TIMEOUT,1,994,UNSAT_SOLVE,0.6141112449986394,0.005367559992009774,0.6194788049906492,,,,,,,,,,"{""decisions"": 1672, ""conflicts"": 519, ""propagations"": 2126389, ""restarts"": 20}"
trie_probe,127,,,2,"[[1, 183], [2, 951]]",TIMEOUT,1,994,TIMEOUT,,0.00125303199456539,,,,,,,,,,,null
trie_probe,128,,,3,"[[1, 183], [2, 951], [3, 671]]",TIMEOUT,1,994,TIMEOUT,,0.002714463000302203,,,,,,,,,,,null
trie_probe,129,,,4,"[[1, 183], [2, 951], [3, 671], [4, 491]]",TIMEOUT,1,994,UNSAT_SOLVE,0.6136949759966228,0.005186137001146562,0.6188811129977694,,,,,,,,,,"{""decisions"": 886, ""conflicts"": 264, ""propagations"": 1561983, ""restarts"": 2}"
trie_probe,130,,,2,"[[1, 183], [2, 958]]",TIMEOUT,1,994,TIMEOUT,,0.0014877500070724636,,,,,,,,,,,null
trie_probe,131,,,3,"[[1, 183], [2, 958], [3, 783]]",TIMEOUT,1,994,TIMEOUT,,0.0028193049947731197,,,,,,,,,,,null
trie_probe,132,,,4,"[[1, 183], [2, 958], [3, 783], [4, 479]]",TIMEOUT,1,994,UNSAT_SOLVE,0.5200788829970406,0.00630884499696549,0.5263877279940061,,,,,,,,,,"{""decisions"": 1502, ""conflicts"": 445, ""propagations"": 1384401, ""restarts"": 19}"
trie_probe,133,,,2,"[[1, 183], [2, 966]]",TIMEOUT,1,994,TIMEOUT,,0.0016249339969363064,,,,,,,,,,,null
trie_probe,134,,,3,"[[1, 183], [2, 966], [3, 679]]",TIMEOUT,1,994,TIMEOUT,,0.004385353997349739,,,,,,,,,,,null
trie_probe,135,,,4,"[[1, 183], [2, 966], [3, 679], [4, 988]]",TIMEOUT,1,994,UNSAT_SOLVE,0.5461105880094692,0.0062954630120657384,0.552406051021535,,,,,,,,,,"{""decisions"": 991, ""conflicts"": 412, ""propagations"": 1737399, ""restarts"": 3}"
trie_probe,136,,,2,"[[1, 183], [2, 991]]",TIMEOUT,1,994,TIMEOUT,,0.0013753950042882934,,,,,,,,,,,null
trie_probe,137,,,3,"[[1, 183], [2, 991], [3, 673]]",TIMEOUT,1,994,TIMEOUT,,0.0032893499883357435,,,,,,,,,,,null
trie_probe,138,,,4,"[[1, 183], [2, 991], [3, 673], [4, 595]]",TIMEOUT,1,994,UNSAT_SOLVE,0.5505915069952607,0.008225982004660182,0.5588174889999209,,,,,,,,,,"{""decisions"": 1254, ""conflicts"": 455, ""propagations"": 1291665, ""restarts"": 11}"
trie_probe,139,,,1,"[[1, 285]]",ROOT,24,993,TIMEOUT,,0.0006418840057449415,,,,,,,,,,,null
trie_probe,140,,,2,"[[1, 285], [2, 47]]",TIMEOUT,1,993,TIMEOUT,,0.001281378004932776,,,,,,,,,,,null
trie_probe,141,,,3,"[[1, 285], [2, 47], [3, 103]]",TIMEOUT,1,993,TIMEOUT,,0.002733153000008315,,,,,,,,,,,null
trie_probe,142,,,4,"[[1, 285], [2, 47], [3, 103], [4, 237]]",TIMEOUT,1,993,UNSAT_SOLVE,0.6046667190094013,0.005042920995038003,0.6097096400044393,,,,,,,,,,"{""decisions"": 1373, ""conflicts"": 373, ""propagations"": 1349088, ""restarts"": 13}"
trie_probe,143,,,2,"[[1, 285], [2, 531]]",TIMEOUT,1,993,TIMEOUT,,0.0013497350009856746,,,,,,,,,,,null
trie_probe,144,,,3,"[[1, 285], [2, 531], [3, 187]]",TIMEOUT,1,993,TIMEOUT,,0.0034884610067820176,,,,,,,,,,,null
trie_probe,145,,,4,"[[1, 285], [2, 531], [3, 187], [4, 478]]",TIMEOUT,1,993,UNSAT_SOLVE,0.7567641950008692,0.006374746008077636,0.7631389410089469,,,,,,,,,,"{""decisions"": 1810, ""conflicts"": 431, ""propagations"": 1933288, ""restarts"": 12}"
trie_probe,146,,,2,"[[1, 285], [2, 958]]",TIMEOUT,1,993,TIMEOUT,,0.001460872997995466,,,,,,,,,,,null
trie_probe,147,,,3,"[[1, 285], [2, 958], [3, 778]]",TIMEOUT,1,993,TIMEOUT,,0.002864958005375229,,,,,,,,,,,null
trie_probe,148,,,4,"[[1, 285], [2, 958], [3, 778], [4, 546]]",TIMEOUT,1,993,UNSAT_SOLVE,0.7496055329975206,0.00566064499435015,0.7552661779918708,,,,,,,,,,"{""decisions"": 4772, ""conflicts"": 849, ""propagations"": 2782290, ""restarts"": 34}"
trie_probe,149,,,2,"[[1, 285], [2, 991]]",TIMEOUT,1,993,TIMEOUT,,0.0012244370009284467,,,,,,,,,,,null
trie_probe,150,,,3,"[[1, 285], [2, 991], [3, 40]]",TIMEOUT,1,993,TIMEOUT,,0.003459215004113503,,,,,,,,,,,null
trie_probe,151,,,4,"[[1, 285], [2, 991], [3, 40], [4, 721]]",TIMEOUT,1,993,UNSAT_SOLVE,0.5731780419882853,0.006009755001286976,0.5791877969895722,,,,,,,,,,"{""decisions"": 1871, ""conflicts"": 581, ""propagations"": 1723087, ""restarts"": 20}"
trie_probe,152,,,2,"[[1, 285], [2, 14]]",TIMEOUT,1,994,TIMEOUT,,0.0012169620022177696,,,,,,,,,,,null
trie_probe,153,,,3,"[[1, 285], [2, 14], [3, 956]]",TIMEOUT,1,994,TIMEOUT,,0.002747784004895948,,,,,,,,,,,null
trie_probe,154,,,4,"[[1, 285], [2, 14], [3, 956], [4, 79]]",TIMEOUT,1,994,UNSAT_SOLVE,0.5663670510111842,0.005733040001359768,0.572100091012544,,,,,,,,,,"{""decisions"": 2451, ""conflicts"": 663, ""propagations"": 1608700, ""restarts"": 31}"
trie_probe,155,,,2,"[[1, 285], [2, 30]]",TIMEOUT,1,994,TIMEOUT,,0.001279189993510954,,,,,,,,,,,null
trie_probe,156,,,3,"[[1, 285], [2, 30], [3, 924]]",TIMEOUT,1,994,TIMEOUT,,0.002766361998510547,,,,,,,,,,,null
trie_probe,157,,,4,"[[1, 285], [2, 30], [3, 924], [4, 815]]",TIMEOUT,1,994,UNSAT_SOLVE,0.6003809440007899,0.005212980002397671,0.6055939240031876,,,,,,,,,,"{""decisions"": 1875, ""conflicts"": 505, ""propagations"": 1335103, ""restarts"": 22}"
trie_probe,158,,,2,"[[1, 285], [2, 62]]",TIMEOUT,1,994,TIMEOUT,,0.0012077730061719194,,,,,,,,,,,null
trie_probe,159,,,3,"[[1, 285], [2, 62], [3, 723]]",TIMEOUT,1,994,TIMEOUT,,0.003073782005230896,,,,,,,,,,,null
trie_probe,160,,,4,"[[1, 285], [2, 62], [3, 723], [4, 800]]",TIMEOUT,1,994,UNSAT_SOLVE,0.5597481000004336,0.005748680006945506,0.5654967800073791,,,,,,,,,,"{""decisions"": 2044, ""conflicts"": 466, ""propagations"": 2057996, ""restarts"": 13}"
trie_probe,161,,,2,"[[1, 285], [2, 288]]",TIMEOUT,1,994,TIMEOUT,,0.001184684006148018,,,,,,,,,,,null
trie_probe,162,,,3,"[[1, 285], [2, 288], [3, 559]]",TIMEOUT,1,994,TIMEOUT,,0.0029259180009830743,,,,,,,,,,,null
trie_probe,163,,,4,"[[1, 285], [2, 288], [3, 559], [4, 156]]",TIMEOUT,1,994,UNSAT_SOLVE,0.5815785330050858,0.005276938012684695,0.5868554710177705,,,,,,,,,,"{""decisions"": 1389, ""conflicts"": 463, ""propagations"": 2105939, ""restarts"": 13}"
trie_probe,164,,,2,"[[1, 285], [2, 362]]",TIMEOUT,1,994,TIMEOUT,,0.0013416309957392514,,,,,,,,,,,null
trie_probe,165,,,3,"[[1, 285], [2, 362], [3, 614]]",TIMEOUT,1,994,TIMEOUT,,0.002911704999860376,,,,,,,,,,,null
trie_probe,166,,,4,"[[1, 285], [2, 362], [3, 614], [4, 87]]",TIMEOUT,1,994,UNSAT_SOLVE,0.6179776120116003,0.0053819409949937835,0.6233595530065941,,,,,,,,,,"{""decisions"": 1560, ""conflicts"": 472, ""propagations"": 1829882, ""restarts"": 14}"
trie_probe,167,,,2,"[[1, 285], [2, 435]]",TIMEOUT,1,994,TIMEOUT,,0.0012160679907537997,,,,,,,,,,,null
trie_probe,168,,,3,"[[1, 285], [2, 435], [3, 603]]",TIMEOUT,1,994,TIMEOUT,,0.0026517820078879595,,,,,,,,,,,null
trie_probe,169,,,4,"[[1, 285], [2, 435], [3, 603], [4, 654]]",TIMEOUT,1,994,UNSAT_SOLVE,0.5686952749965712,0.00585048200446181,0.574545757001033,,,,,,,,,,"{""decisions"": 2828, ""conflicts"": 657, ""propagations"": 1793762, ""restarts"": 29}"
trie_probe,170,,,2,"[[1, 285], [2, 437]]",TIMEOUT,1,994,TIMEOUT,,0.0013550720032071695,,,,,,,,,,,null
trie_probe,171,,,3,"[[1, 285], [2, 437], [3, 414]]",TIMEOUT,1,994,TIMEOUT,,0.0033864159922813997,,,,,,,,,,,null
trie_probe,172,,,4,"[[1, 285], [2, 437], [3, 414], [4, 204]]",TIMEOUT,1,994,UNSAT_SOLVE,0.582872815997689,0.005034112007706426,0.5879069280053955,,,,,,,,,,"{""decisions"": 2215, ""conflicts"": 600, ""propagations"": 1498241, ""restarts"": 26}"
trie_probe,173,,,2,"[[1, 285], [2, 514]]",TIMEOUT,1,994,TIMEOUT,,0.0012123259948566556,,,,,,,,,,,null
trie_probe,174,,,3,"[[1, 285], [2, 514], [3, 521]]",TIMEOUT,1,994,TIMEOUT,,0.004566609000903554,,,,,,,,,,,null
trie_probe,175,,,4,"[[1, 285], [2, 514], [3, 521], [4, 336]]",TIMEOUT,1,994,UNSAT_SOLVE,0.5562584369909018,0.004705428000306711,0.5609638649912085,,,,,,,,,,"{""decisions"": 2127, ""conflicts"": 589, ""propagations"": 1600613, ""restarts"": 39}"
trie_probe,176,,,2,"[[1, 285], [2, 554]]",TIMEOUT,1,994,TIMEOUT,,0.0011594429961405694,,,,,,,,,,,null
trie_probe,177,,,3,"[[1, 285], [2, 554], [3, 825]]",TIMEOUT,1,994,TIMEOUT,,0.0027160749887116253,,,,,,,,,,,null
trie_probe,178,,,4,"[[1, 285], [2, 554], [3, 825], [4, 319]]",TIMEOUT,1,994,UNSAT_SOLVE,0.6496198789973278,0.005407863995060325,0.6550277429923881,,,,,,,,,,"{""decisions"": 2611, ""conflicts"": 664, ""propagations"": 2430596, ""restarts"": 43}"
trie_probe,179,,,2,"[[1, 285], [2, 597]]",TIMEOUT,1,994,TIMEOUT,,0.0012304090050747618,,,,,,,,,,,null
trie_probe,180,,,3,"[[1, 285], [2, 597], [3, 912]]",TIMEOUT,1,994,TIMEOUT,,0.0030817810038570315,,,,,,,,,,,null
trie_probe,181,,,4,"[[1, 285], [2, 597], [3, 912], [4, 547]]",TIMEOUT,1,994,UNSAT_SOLVE,0.6516840179974679,0.005040069998358376,0.6567240879958263,,,,,,,,,,"{""decisions"": 2532, ""conflicts"": 714, ""propagations"": 2209212, ""restarts"": 44}"
trie_probe,182,,,2,"[[1, 285], [2, 611]]",TIMEOUT,1,994,TIMEOUT,,0.001368102995911613,,,,,,,,,,,null
trie_probe,183,,,3,"[[1, 285], [2, 611], [3, 272]]",TIMEOUT,1,994,TIMEOUT,,0.0029743670020252466,,,,,,,,,,,null
trie_probe,184,,,4,"[[1, 285], [2, 611], [3, 272], [4, 425]]",TIMEOUT,1,994,UNSAT_SOLVE,0.54067109200696,0.005326058992068283,0.5459971509990282,,,,,,,,,,"{""decisions"": 2853, ""conflicts"": 574, ""propagations"": 1492318, ""restarts"": 51}"
trie_probe,185,,,2,"[[1, 285], [2, 712]]",TIMEOUT,1,994,TIMEOUT,,0.0011843140091514215,,,,,,,,,,,null
trie_probe,186,,,3,"[[1, 285], [2, 712], [3, 695]]",TIMEOUT,1,994,TIMEOUT,,0.0026058000075863674,,,,,,,,,,,null
trie_probe,187,,,4,"[[1, 285], [2, 712], [3, 695], [4, 104]]",TIMEOUT,1,994,UNSAT_SOLVE,0.5735104890045477,0.004872456003795378,0.5783829450083431,,,,,,,,,,"{""decisions"": 1667, ""conflicts"": 501, ""propagations"": 1543153, ""restarts"": 11}"
trie_probe,188,,,2,"[[1, 285], [2, 782]]",TIMEOUT,1,994,TIMEOUT,,0.001207277993671596,,,,,,,,,,,null
trie_probe,189,,,3,"[[1, 285], [2, 782], [3, 774]]",TIMEOUT,1,994,TIMEOUT,,0.002815475992974825,,,,,,,,,,,null
trie_probe,190,,,4,"[[1, 285], [2, 782], [3, 774], [4, 552]]",TIMEOUT,1,994,UNSAT_SOLVE,0.7624437839986058,0.005526106993784197,0.76796989099239,,,,,,,,,,"{""decisions"": 2649, ""conflicts"": 970, ""propagations"": 2676438, ""restarts"": 21}"
trie_probe,191,,,2,"[[1, 285], [2, 804]]",TIMEOUT,1,994,TIMEOUT,,0.0011717299930751324,,,,,,,,,,,null
trie_probe,192,,,3,"[[1, 285], [2, 804], [3, 898]]",TIMEOUT,1,994,TIMEOUT,,0.003129711010842584,,,,,,,,,,,null
trie_probe,193,,,4,"[[1, 285], [2, 804], [3, 898], [4, 254]]",TIMEOUT,1,994,UNSAT_SOLVE,0.6437521199986804,0.0054612109961453825,0.6492133309948258,,,,,,,,,,"{""decisions"": 1276, ""conflicts"": 562, ""propagations"": 1954482, ""restarts"": 2}"
trie_probe,194,,,2,"[[1, 285], [2, 810]]",TIMEOUT,1,994,TIMEOUT,,0.0011687140067806467,,,,,,,,,,,null
trie_probe,195,,,3,"[[1, 285], [2, 810], [3, 725]]",TIMEOUT,1,994,TIMEOUT,,0.002831467005307786,,,,,,,,,,,null
trie_probe,196,,,4,"[[1, 285], [2, 810], [3, 725], [4, 252]]",TIMEOUT,1,994,UNSAT_SOLVE,0.6648371269984636,0.0051705280056921765,0.6700076550041558,,,,,,,,,,"{""decisions"": 1271, ""conflicts"": 542, ""propagations"": 2657487, ""restarts"": 4}"
trie_probe,197,,,2,"[[1, 285], [2, 820]]",TIMEOUT,1,994,TIMEOUT,,0.0013071800058241934,,,,,,,,,,,null
trie_probe,198,,,3,"[[1, 285], [2, 820], [3, 570]]",TIMEOUT,1,994,TIMEOUT,,0.0029758659948129207,,,,,,,,,,,null
trie_probe,199,,,4,"[[1, 285], [2, 820], [3, 570], [4, 218]]",TIMEOUT,1,994,UNSAT_SOLVE,0.614119900012156,0.0052122040069662035,0.6193321040191222,,,,,,,,,,"{""decisions"": 2340, ""conflicts"": 826, ""propagations"": 1968499, ""restarts"": 37}"
trie_probe,200,,,2,"[[1, 285], [2, 901]]",TIMEOUT,1,994,TIMEOUT,,0.0016275749949272722,,,,,,,,,,,null
trie_probe,201,,,3,"[[1, 285], [2, 901], [3, 971]]",TIMEOUT,1,994,TIMEOUT,,0.002720917997066863,,,,,,,,,,,null
trie_probe,202,,,4,"[[1, 285], [2, 901], [3, 971], [4, 403]]",TIMEOUT,1,994,UNSAT_SOLVE,0.5321816340001533,0.004675342992413789,0.5368569769925671,,,,,,,,,,"{""decisions"": 1596, ""conflicts"": 739, ""propagations"": 1799468, ""restarts"": 10}"
trie_probe,203,,,2,"[[1, 285], [2, 951]]",TIMEOUT,1,994,TIMEOUT,,0.001226436987053603,,,,,,,,,,,null
trie_probe,204,,,3,"[[1, 285], [2, 951], [3, 519]]",TIMEOUT,1,994,TIMEOUT,,0.004132337009650655,,,,,,,,,,,null
trie_probe,205,,,4,"[[1, 285], [2, 951], [3, 519], [4, 827]]",TIMEOUT,1,994,UNSAT_SOLVE,0.608917493998888,0.005219162994762883,0.6141366569936508,,,,,,,,,,"{""decisions"": 2920, ""conflicts"": 925, ""propagations"": 2076955, ""restarts"": 30}"
trie_probe,206,,,2,"[[1, 285], [2, 964]]",TIMEOUT,1,994,TIMEOUT,,0.00112060499668587,,,,,,,,,,,null
trie_probe,207,,,3,"[[1, 285], [2, 964], [3, 669]]",TIMEOUT,1,994,TIMEOUT,,0.0025631779863033444,,,,,,,,,,,null
trie_probe,208,,,4,"[[1, 285], [2, 964], [3, 669], [4, 155]]",TIMEOUT,1,994,UNSAT_SOLVE,0.6684336280013667,0.006651492003584281,0.675085120004951,,,,,,,,,,"{""decisions"": 1711, ""conflicts"": 939, ""propagations"": 2219144, ""restarts"": 4}"
trie_probe,209,,,2,"[[1, 285], [2, 966]]",TIMEOUT,1,994,TIMEOUT,,0.001193592994241044,,,,,,,,,,,null
trie_probe,210,,,3,"[[1, 285], [2, 966], [3, 970]]",TIMEOUT,1,994,TIMEOUT,,0.0027719290083041415,,,,,,,,,,,null
trie_probe,211,,,4,"[[1, 285], [2, 966], [3, 970], [4, 665]]",TIMEOUT,1,994,UNSAT_SOLVE,0.6372386290022405,0.004880595006397925,0.6421192240086384,,,,,,,,,,"{""decisions"": 1159, ""conflicts"": 412, ""propagations"": 2276443, ""restarts"": 9}"
trie_probe,212,,,1,"[[1, 659]]",ROOT,24,993,TIMEOUT,,0.000584748006076552,,,,,,,,,,,null
trie_probe,213,,,2,"[[1, 659], [2, 866]]",TIMEOUT,1,993,TIMEOUT,,0.0016682019922882318,,,,,,,,,,,null
trie_probe,214,,,3,"[[1, 659], [2, 866], [3, 342]]",TIMEOUT,1,993,TIMEOUT,,0.002666818007128313,,,,,,,,,,,null
trie_probe,215,,,4,"[[1, 659], [2, 866], [3, 342], [4, 379]]",TIMEOUT,1,993,UNSAT_SOLVE,0.5587170459912159,0.004958941004588269,0.5636759869958041,,,,,,,,,,"{""decisions"": 1558, ""conflicts"": 529, ""propagations"": 2363522, ""restarts"": 7}"
trie_probe,216,,,2,"[[1, 659], [2, 951]]",TIMEOUT,1,993,TIMEOUT,,0.0010750000074040145,,,,,,,,,,,null
trie_probe,217,,,3,"[[1, 659], [2, 951], [3, 533]]",TIMEOUT,1,993,TIMEOUT,,0.00291797099635005,,,,,,,,,,,null
trie_probe,218,,,4,"[[1, 659], [2, 951], [3, 533], [4, 334]]",TIMEOUT,1,993,UNSAT_SOLVE,0.512698898994131,0.006169690997921862,0.5188685899920529,,,,,,,,,,"{""decisions"": 1971, ""conflicts"": 637, ""propagations"": 1490863, ""restarts"": 22}"
trie_probe,219,,,2,"[[1, 659], [2, 964]]",TIMEOUT,1,993,TIMEOUT,,0.0010698630067054182,,,,,,,,,,,null
trie_probe,220,,,3,"[[1, 659], [2, 964], [3, 651]]",TIMEOUT,1,993,TIMEOUT,,0.0026398749905638397,,,,,,,,,,,null
trie_probe,221,,,4,"[[1, 659], [2, 964], [3, 651], [4, 798]]",TIMEOUT,1,993,UNSAT_SOLVE,0.5675389269890729,0.005344304998288862,0.5728832319873618,,,,,,,,,,"{""decisions"": 1158, ""conflicts"": 497, ""propagations"": 1465552, ""restarts"": 3}"
trie_probe,222,,,2,"[[1, 659], [2, 30]]",TIMEOUT,1,994,TIMEOUT,,0.001442859007511288,,,,,,,,,,,null
trie_probe,223,,,3,"[[1, 659], [2, 30], [3, 884]]",TIMEOUT,1,994,TIMEOUT,,0.0025806750054471195,,,,,,,,,,,null
trie_probe,224,,,4,"[[1, 659], [2, 30], [3, 884], [4, 904]]",TIMEOUT,1,994,UNSAT_SOLVE,0.5495646830095211,0.004714869006420486,0.5542795520159416,,,,,,,,,,"{""decisions"": 1278, ""conflicts"": 362, ""propagations"": 1459190, ""restarts"": 10}"
trie_probe,225,,,2,"[[1, 659], [2, 47]]",TIMEOUT,1,994,TIMEOUT,,0.001366433993098326,,,,,,,,,,,null
trie_probe,226,,,3,"[[1, 659], [2, 47], [3, 834]]",TIMEOUT,1,994,TIMEOUT,,0.002818444001604803,,,,,,,,,,,null
trie_probe,227,,,4,"[[1, 659], [2, 47], [3, 834], [4, 244]]",TIMEOUT,1,994,UNSAT_SOLVE,0.44129300898930524,0.0048312699946109205,0.44612427898391616,,,,,,,,,,"{""decisions"": 972, ""conflicts"": 342, ""propagations"": 1120094, ""restarts"": 3}"
trie_probe,228,,,2,"[[1, 659], [2, 93]]",TIMEOUT,1,994,TIMEOUT,,0.0011009139998350292,,,,,,,,,,,null
trie_probe,229,,,3,"[[1, 659], [2, 93], [3, 692]]",TIMEOUT,1,994,TIMEOUT,,0.002685118990484625,,,,,,,,,,,null
trie_probe,230,,,4,"[[1, 659], [2, 93], [3, 692], [4, 343]]",TIMEOUT,1,994,UNSAT_SOLVE,0.5273592890007421,0.005142286012414843,0.532501575013157,,,,,,,,,,"{""decisions"": 1364, ""conflicts"": 450, ""propagations"": 1689537, ""restarts"": 12}"
trie_probe,231,,,2,"[[1, 659], [2, 189]]",TIMEOUT,1,994,TIMEOUT,,0.0011413100000936538,,,,,,,,,,,null
trie_probe,232,,,3,"[[1, 659], [2, 189], [3, 393]]",TIMEOUT,1,994,TIMEOUT,,0.0027537580026546493,,,,,,,,,,,null
trie_probe,233,,,4,"[[1, 659], [2, 189], [3, 393], [4, 107]]",TIMEOUT,1,994,UNSAT_SOLVE,0.514367695999681,0.004893759003607556,0.5192614550032886,,,,,,,,,,"{""decisions"": 1340, ""conflicts"": 313, ""propagations"": 1222863, ""restarts"": 7}"
trie_probe,234,,,2,"[[1, 659], [2, 271]]",TIMEOUT,1,994,TIMEOUT,,0.0011365359969204292,,,,,,,,,,,null
trie_probe,235,,,3,"[[1, 659], [2, 271], [3, 763]]",TIMEOUT,1,994,TIMEOUT,,0.002785260003292933,,,,,,,,,,,null
trie_probe,236,,,4,"[[1, 659], [2, 271], [3, 763], [4, 51]]",TIMEOUT,1,994,UNSAT_SOLVE,0.5489271499973256,0.0052263349934946746,0.5541534849908203,,,,,,,,,,"{""decisions"": 1890, ""conflicts"": 567, ""propagations"": 1940467, ""restarts"": 26}"
trie_probe,237,,,2,"[[1, 659], [2, 288]]",TIMEOUT,1,994,TIMEOUT,,0.0011059560056310147,,,,,,,,,,,null
trie_probe,238,,,3,"[[1, 659], [2, 288], [3, 778]]",TIMEOUT,1,994,TIMEOUT,,0.0026410219870740548,,,,,,,,,,,null
trie_probe,239,,,4,"[[1, 659], [2, 288], [3, 778], [4, 220]]",TIMEOUT,1,994,UNSAT_SOLVE,0.5400313239952084,0.004899189007119276,0.5449305130023276,,,,,,,,,,"{""decisions"": 1120, ""conflicts"": 272, ""propagations"": 1633381, ""restarts"": 4}"
trie_probe,240,,,2,"[[1, 659], [2, 417]]",TIMEOUT,1,994,TIMEOUT,,0.0011937480012420565,,,,,,,,,,,null
trie_probe,241,,,3,"[[1, 659], [2, 417], [3, 786]]",TIMEOUT,1,994,TIMEOUT,,0.002684904000489041,,,,,,,,,,,null
trie_probe,242,,,4,"[[1, 659], [2, 417], [3, 786], [4, 472]]",TIMEOUT,1,994,UNSAT_SOLVE,0.6333425019984134,0.004730217988253571,0.6380727199866669,,,,,,,,,,"{""decisions"": 2200, ""conflicts"": 739, ""propagations"": 2227684, ""restarts"": 17}"
trie_probe,243,,,2,"[[1, 659], [2, 435]]",TIMEOUT,1,994,TIMEOUT,,0.0010443820065120235,,,,,,,,,,,null
trie_probe,244,,,3,"[[1, 659], [2, 435], [3, 723]]",TIMEOUT,1,994,TIMEOUT,,0.0026941480027744547,,,,,,,,,,,null
trie_probe,245,,,4,"[[1, 659], [2, 435], [3, 723], [4, 858]]",TIMEOUT,1,994,UNSAT_SOLVE,0.5082400359970052,0.004875079990597442,0.5131151159876026,,,,,,,,,,"{""decisions"": 1069, ""conflicts"": 397, ""propagations"": 1149220, ""restarts"": 1}"
trie_probe,246,,,2,"[[1, 659], [2, 514]]",TIMEOUT,1,994,TIMEOUT,,0.0018865439924411476,,,,,,,,,,,null
trie_probe,247,,,3,"[[1, 659], [2, 514], [3, 935]]",TIMEOUT,1,994,TIMEOUT,,0.003276115996413864,,,,,,,,,,,null
trie_probe,248,,,4,"[[1, 659], [2, 514], [3, 935], [4, 975]]",TIMEOUT,1,994,UNSAT_SOLVE,0.6311988379893592,0.0054469720053020865,0.6366458099946612,,,,,,,,,,"{""decisions"": 1531, ""conflicts"": 447, ""propagations"": 1965773, ""restarts"": 17}"
trie_probe,249,,,2,"[[1, 659], [2, 538]]",TIMEOUT,1,994,TIMEOUT,,0.0011596090043894947,,,,,,,,,,,null
trie_probe,250,,,3,"[[1, 659], [2, 538], [3, 640]]",TIMEOUT,1,994,TIMEOUT,,0.002802225004415959,,,,,,,,,,,null
trie_probe,251,,,4,"[[1, 659], [2, 538], [3, 640], [4, 163]]",TIMEOUT,1,994,UNSAT_SOLVE,0.5535635849955725,0.005706203999579884,0.5592697889951523,,,,,,,,,,"{""decisions"": 1049, ""conflicts"": 358, ""propagations"": 1438650, ""restarts"": 6}"
trie_probe,252,,,2,"[[1, 659], [2, 554]]",TIMEOUT,1,994,TIMEOUT,,0.0010961840016534552,,,,,,,,,,,null
trie_probe,253,,,3,"[[1, 659], [2, 554], [3, 963]]",TIMEOUT,1,994,TIMEOUT,,0.0028667549922829494,,,,,,,,,,,null
trie_probe,254,,,4,"[[1, 659], [2, 554], [3, 963], [4, 177]]",TIMEOUT,1,994,UNSAT_SOLVE,0.594319595998968,0.005266557011054829,0.5995861530100228,,,,,,,,,,"{""decisions"": 1773, ""conflicts"": 568, ""propagations"": 1902845, ""restarts"": 11}"
trie_probe,255,,,2,"[[1, 659], [2, 611]]",TIMEOUT,1,994,TIMEOUT,,0.0014443310064962134,,,,,,,,,,,null
trie_probe,256,,,3,"[[1, 659], [2, 611], [3, 854]]",TIMEOUT,1,994,TIMEOUT,,0.0028516489983303472,,,,,,,,,,,null
trie_probe,257,,,4,"[[1, 659], [2, 611], [3, 854], [4, 359]]",TIMEOUT,1,994,UNSAT_SOLVE,0.5246921140060294,0.005591795998043381,0.5302839100040728,,,,,,,,,,"{""decisions"": 1035, ""conflicts"": 375, ""propagations"": 1387994, ""restarts"": 5}"
trie_probe,258,,,2,"[[1, 659], [2, 676]]",TIMEOUT,1,994,TIMEOUT,,0.0011340769997332245,,,,,,,,,,,null
trie_probe,259,,,3,"[[1, 659], [2, 676], [3, 825]]",TIMEOUT,1,994,TIMEOUT,,0.00306640200142283,,,,,,,,,,,null
trie_probe,260,,,4,"[[1, 659], [2, 676], [3, 825], [4, 349]]",TIMEOUT,1,994,UNSAT_SOLVE,0.5860163390025264,0.005456543993204832,0.5914728829957312,,,,,,,,,,"{""decisions"": 1673, ""conflicts"": 476, ""propagations"": 1881485, ""restarts"": 26}"
trie_probe,261,,,2,"[[1, 659], [2, 712]]",TIMEOUT,1,994,TIMEOUT,,0.0012305320124141872,,,,,,,,,,,null
trie_probe,262,,,3,"[[1, 659], [2, 712], [3, 598]]",TIMEOUT,1,994,TIMEOUT,,0.0030644210055470467,,,,,,,,,,,null
trie_probe,263,,,4,"[[1, 659], [2, 712], [3, 598], [4, 204]]",TIMEOUT,1,994,UNSAT_SOLVE,0.5183159260050161,0.006066123998607509,0.5243820500036236,,,,,,,,,,"{""decisions"": 1026, ""conflicts"": 322, ""propagations"": 1176995, ""restarts"": 4}"
trie_probe,264,,,2,"[[1, 659], [2, 782]]",TIMEOUT,1,994,TIMEOUT,,0.0011024919949704781,,,,,,,,,,,null
trie_probe,265,,,3,"[[1, 659], [2, 782], [3, 331]]",TIMEOUT,1,994,TIMEOUT,,0.0030626310035586357,,,,,,,,,,,null
trie_probe,266,,,4,"[[1, 659], [2, 782], [3, 331], [4, 37]]",TIMEOUT,1,994,UNSAT_SOLVE,0.46438163200218696,0.005035495007177815,0.4694171270093648,,,,,,,,,,"{""decisions"": 1219, ""conflicts"": 453, ""propagations"": 1008389, ""restarts"": 7}"
trie_probe,267,,,2,"[[1, 659], [2, 804]]",TIMEOUT,1,994,TIMEOUT,,0.0011290399997960776,,,,,,,,,,,null
trie_probe,268,,,3,"[[1, 659], [2, 804], [3, 985]]",TIMEOUT,1,994,TIMEOUT,,0.0025904579961206764,,,,,,,,,,,null
trie_probe,269,,,4,"[[1, 659], [2, 804], [3, 985], [4, 351]]",TIMEOUT,1,994,UNSAT_SOLVE,0.7302354349958478,0.00525659900449682,0.7354920340003446,,,,,,,,,,"{""decisions"": 2211, ""conflicts"": 655, ""propagations"": 2497878, ""restarts"": 24}"
trie_probe,270,,,2,"[[1, 659], [2, 859]]",TIMEOUT,1,994,TIMEOUT,,0.00110896400292404,,,,,,,,,,,null
trie_probe,271,,,3,"[[1, 659], [2, 859], [3, 305]]",TIMEOUT,1,994,TIMEOUT,,0.0027777700015576556,,,,,,,,,,,null
trie_probe,272,,,4,"[[1, 659], [2, 859], [3, 305], [4, 10]]",TIMEOUT,1,994,UNSAT_SOLVE,0.6747356700070668,0.005243121006060392,0.6799787910131272,,,,,,,,,,"{""decisions"": 1898, ""conflicts"": 815, ""propagations"": 2758253, ""restarts"": 29}"
trie_probe,273,,,2,"[[1, 659], [2, 901]]",TIMEOUT,1,994,TIMEOUT,,0.0013501360081136227,,,,,,,,,,,null
trie_probe,274,,,3,"[[1, 659], [2, 901], [3, 755]]",TIMEOUT,1,994,TIMEOUT,,0.002766816003713757,,,,,,,,,,,null
trie_probe,275,,,4,"[[1, 659], [2, 901], [3, 755], [4, 390]]",TIMEOUT,1,994,UNSAT_SOLVE,0.5559450830041897,0.005055303990957327,0.561000386995147,,,,,,,,,,"{""decisions"": 1681, ""conflicts"": 502, ""propagations"": 1482797, ""restarts"": 27}"
trie_probe,276,,,2,"[[1, 659], [2, 913]]",TIMEOUT,1,994,TIMEOUT,,0.0011322349891997874,,,,,,,,,,,null
trie_probe,277,,,3,"[[1, 659], [2, 913], [3, 567]]",TIMEOUT,1,994,TIMEOUT,,0.003282218996901065,,,,,,,,,,,null
trie_probe,278,,,4,"[[1, 659], [2, 913], [3, 567], [4, 302]]",TIMEOUT,1,994,UNSAT_SOLVE,0.515908966990537,0.0054017229995224625,0.5213106899900595,,,,,,,,,,"{""decisions"": 1167, ""conflicts"": 339, ""propagations"": 1361482, ""restarts"": 6}"
trie_probe,279,,,2,"[[1, 659], [2, 966]]",TIMEOUT,1,994,TIMEOUT,,0.0013886189990444109,,,,,,,,,,,null
trie_probe,280,,,3,"[[1, 659], [2, 966], [3, 681]]",TIMEOUT,1,994,TIMEOUT,,0.002933613010100089,,,,,,,,,,,null
trie_probe,281,,,4,"[[1, 659], [2, 966], [3, 681], [4, 807]]",TIMEOUT,1,994,UNSAT_SOLVE,0.599588411001605,0.00536488599027507,0.60495329699188,,,,,,,,,,"{""decisions"": 1880, ""conflicts"": 569, ""propagations"": 1687808, ""restarts"": 36}"
trie_probe,282,,,2,"[[1, 659], [2, 991]]",TIMEOUT,1,994,TIMEOUT,,0.001111844991100952,,,,,,,,,,,null
trie_probe,283,,,3,"[[1, 659], [2, 991], [3, 139]]",TIMEOUT,1,994,TIMEOUT,,0.002954830997623503,,,,,,,,,,,null
trie_probe,284,,,4,"[[1, 659], [2, 991], [3, 139], [4, 13]]",TIMEOUT,1,994,UNSAT_SOLVE,0.4772434819897171,0.0059975550102535635,0.4832410369999707,,,,,,,,,,"{""decisions"": 1518, ""conflicts"": 344, ""propagations"": 909021, ""restarts"": 14}"
trie_probe,285,,,1,"[[1, 134]]",ROOT,21,993,TIMEOUT,,0.000649558991426602,,,,,,,,,,,null
trie_probe,286,,,2,"[[1, 134], [2, 531]]",TIMEOUT,1,993,TIMEOUT,,0.001232834008987993,,,,,,,,,,,null
trie_probe,287,,,3,"[[1, 134], [2, 531], [3, 533]]",TIMEOUT,1,993,TIMEOUT,,0.0029706189961871132,,,,,,,,,,,null
trie_probe,288,,,4,"[[1, 134], [2, 531], [3, 533], [4, 258]]",TIMEOUT,1,993,UNSAT_SOLVE,0.5222345539950766,0.005125570009113289,0.5273601240041899,,,,,,,,,,"{""decisions"": 1865, ""conflicts"": 505, ""propagations"": 1342418, ""restarts"": 32}"
trie_probe,289,,,2,"[[1, 134], [2, 913]]",TIMEOUT,1,993,TIMEOUT,,0.0012154389987699687,,,,,,,,,,,null
trie_probe,290,,,3,"[[1, 134], [2, 913], [3, 786]]",TIMEOUT,1,993,TIMEOUT,,0.0030127179925329983,,,,,,,,,,,null
trie_probe,291,,,4,"[[1, 134], [2, 913], [3, 786], [4, 67]]",TIMEOUT,1,993,UNSAT_SOLVE,0.45755301699682605,0.0050640529952943325,0.4626170699921204,,,,,,,,,,"{""decisions"": 1330, ""conflicts"": 395, ""propagations"": 1037552, ""restarts"": 7}"
trie_probe,292,,,2,"[[1, 134], [2, 93]]",TIMEOUT,1,994,TIMEOUT,,0.001348803998553194,,,,,,,,,,,null
trie_probe,293,,,3,"[[1, 134], [2, 93], [3, 627]]",TIMEOUT,1,994,UNSAT_SOLVE,8.332316957006697,0.003169499002979137,8.335486456009676,,,,,,,,,,"{""decisions"": 98120, ""conflicts"": 24475, ""propagations"": 64053781, ""restarts"": 359}"
trie_probe,294,,,2,"[[1, 134], [2, 154]]",TIMEOUT,1,994,TIMEOUT,,0.0012582280032802373,,,,,,,,,,,null
trie_probe,295,,,3,"[[1, 134], [2, 154], [3, 549]]",TIMEOUT,1,994,UNSAT_SOLVE,8.93233709600463,0.0031445190106751397,8.935481615015306,,,,,,,,,,"{""decisions"": 97260, ""conflicts"": 26491, ""propagations"": 72213675, ""restarts"": 298}"
trie_probe,296,,,2,"[[1, 134], [2, 189]]",TIMEOUT,1,994,TIMEOUT,,0.0012461470032576472,,,,,,,,,,,null
trie_probe,297,,,3,"[[1, 134], [2, 189], [3, 982]]",TIMEOUT,1,994,TIMEOUT,,0.002847591007594019,,,,,,,,,,,null
trie_probe,298,,,4,"[[1, 134], [2, 189], [3, 982], [4, 793]]",TIMEOUT,1,994,UNSAT_SOLVE,0.6992194600024959,0.00624014699133113,0.705459606993827,,,,,,,,,,"{""decisions"": 2829, ""conflicts"": 612, ""propagations"": 2629968, ""restarts"": 37}"
trie_probe,299,,,2,"[[1, 134], [2, 271]]",TIMEOUT,1,994,TIMEOUT,,0.0012958659935975447,,,,,,,,,,,null
trie_probe,300,,,3,"[[1, 134], [2, 271], [3, 955]]",TIMEOUT,1,994,TIMEOUT,,0.00281787000130862,,,,,,,,,,,null
trie_probe,301,,,4,"[[1, 134], [2, 271], [3, 955], [4, 136]]",TIMEOUT,1,994,UNSAT_SOLVE,0.4646760390023701,0.004932365991408005,0.4696084049937781,,,,,,,,,,"{""decisions"": 1571, ""conflicts"": 399, ""propagations"": 911771, ""restarts"": 15}"
trie_probe,302,,,2,"[[1, 134], [2, 417]]",TIMEOUT,1,994,TIMEOUT,,0.0012594879954122007,,,,,,,,,,,null
trie_probe,303,,,3,"[[1, 134], [2, 417], [3, 986]]",TIMEOUT,1,994,TIMEOUT,,0.0028910450055263937,,,,,,,,,,,null
trie_probe,304,,,4,"[[1, 134], [2, 417], [3, 986], [4, 483]]",TIMEOUT,1,994,UNSAT_SOLVE,0.6981856790080201,0.005656755005475134,0.7038424340134952,,,,,,,,,,"{""decisions"": 2100, ""conflicts"": 634, ""propagations"": 2149333, ""restarts"": 17}"
trie_probe,305,,,2,"[[1, 134], [2, 435]]",TIMEOUT,1,994,TIMEOUT,,0.0012232890003360808,,,,,,,,,,,null
trie_probe,306,,,3,"[[1, 134], [2, 435], [3, 853]]",TIMEOUT,1,994,TIMEOUT,,0.002799551992211491,,,,,,,,,,,null
trie_probe,307,,,4,"[[1, 134], [2, 435], [3, 853], [4, 479]]",TIMEOUT,1,994,UNSAT_SOLVE,0.6199825989897363,0.005713592006941326,0.6256961909966776,,,,,,,,,,"{""decisions"": 1543, ""conflicts"": 459, ""propagations"": 1579408, ""restarts"": 6}"
trie_probe,308,,,2,"[[1, 134], [2, 437]]",TIMEOUT,1,994,TIMEOUT,,0.0012873680097982287,,,,,,,,,,,null
trie_probe,309,,,3,"[[1, 134], [2, 437], [3, 947]]",TIMEOUT,1,994,TIMEOUT,,0.0031114259909372777,,,,,,,,,,,null
trie_probe,310,,,4,"[[1, 134], [2, 437], [3, 947], [4, 233]]",TIMEOUT,1,994,UNSAT_SOLVE,0.5157911130081629,0.005466352988150902,0.5212574659963138,,,,,,,,,,"{""decisions"": 1303, ""conflicts"": 304, ""propagations"": 1115338, ""restarts"": 9}"
trie_probe,311,,,2,"[[1, 134], [2, 514]]",TIMEOUT,1,994,TIMEOUT,,0.001312849999521859,,,,,,,,,,,null
trie_probe,312,,,3,"[[1, 134], [2, 514], [3, 887]]",TIMEOUT,1,994,TIMEOUT,,0.0033223520003957674,,,,,,,,,,,null
trie_probe,313,,,4,"[[1, 134], [2, 514], [3, 887], [4, 934]]",TIMEOUT,1,994,UNSAT_SOLVE,0.5838291159889195,0.005280221987050027,0.5891093379759695,,,,,,,,,,"{""decisions"": 2155, ""conflicts"": 907, ""propagations"": 2382242, ""restarts"": 26}"
trie_probe,314,,,2,"[[1, 134], [2, 538]]",TIMEOUT,1,994,TIMEOUT,,0.0014902999973855913,,,,,,,,,,,null
trie_probe,315,,,3,"[[1, 134], [2, 538], [3, 919]]",TIMEOUT,1,994,TIMEOUT,,0.002841023000655696,,,,,,,,,,,null
trie_probe,316,,,4,"[[1, 134], [2, 538], [3, 919], [4, 170]]",TIMEOUT,1,994,UNSAT_SOLVE,0.47771305599599145,0.005665841992595233,0.4833788979885867,,,,,,,,,,"{""decisions"": 1337, ""conflicts"": 392, ""propagations"": 1163813, ""restarts"": 9}"
trie_probe,317,,,2,"[[1, 134], [2, 554]]",TIMEOUT,1,994,TIMEOUT,,0.001258386007975787,,,,,,,,,,,null
trie_probe,318,,,3,"[[1, 134], [2, 554], [3, 462]]",TIMEOUT,1,994,UNSAT_SOLVE,8.093389494009898,0.0027540699957171455,8.096143564005615,,,,,,,,,,"{""decisions"": 71866, ""conflicts"": 24304, ""propagations"": 61334845, ""restarts"": 176}"
trie_probe,319,,,2,"[[1, 134], [2, 597]]",TIMEOUT,1,994,TIMEOUT,,0.0012146340013714507,,,,,,,,,,,null
trie_probe,320,,,3,"[[1, 134], [2, 597], [3, 937]]",TIMEOUT,1,994,TIMEOUT,,0.003125592993455939,,,,,,,,,,,null
trie_probe,321,,,4,"[[1, 134], [2, 597], [3, 937], [4, 163]]",TIMEOUT,1,994,UNSAT_SOLVE,0.6199160489923088,0.0053259020060068,0.6252419509983156,,,,,,,,,,"{""decisions"": 1619, ""conflicts"": 676, ""propagations"": 2008589, ""restarts"": 37}"
trie_probe,322,,,2,"[[1, 134], [2, 611]]",TIMEOUT,1,994,TIMEOUT,,0.0015537200088147074,,,,,,,,,,,null
trie_probe,323,,,3,"[[1, 134], [2, 611], [3, 679]]",TIMEOUT,1,994,TIMEOUT,,0.00310051700216718,,,,,,,,,,,null
trie_probe,324,,,4,"[[1, 134], [2, 611], [3, 679], [4, 739]]",TIMEOUT,1,994,UNSAT_SOLVE,0.5316652690089541,0.006799513997975737,0.5384647830069298,,,,,,,,,,"{""decisions"": 1559, ""conflicts"": 542, ""propagations"": 1316584, ""restarts"": 33}"
trie_probe,325,,,2,"[[1, 134], [2, 712]]",TIMEOUT,1,994,TIMEOUT,,0.0017950759938685223,,,,,,,,,,,null
trie_probe,326,,,3,"[[1, 134], [2, 712], [3, 873]]",TIMEOUT,1,994,TIMEOUT,,0.003158020001137629,,,,,,,,,,,null
trie_probe,327,,,4,"[[1, 134], [2, 712], [3, 873], [4, 506]]",TIMEOUT,1,994,UNSAT_SOLVE,0.5582214549940545,0.005572850990574807,0.5637943059846293,,,,,,,,,,"{""decisions"": 1535, ""conflicts"": 465, ""propagations"": 795087, ""restarts"": 13}"
trie_probe,328,,,2,"[[1, 134], [2, 782]]",TIMEOUT,1,994,TIMEOUT,,0.0012671699951170012,,,,,,,,,,,null
trie_probe,329,,,3,"[[1, 134], [2, 782], [3, 920]]",TIMEOUT,1,994,TIMEOUT,,0.0027889620105270296,,,,,,,,,,,null
trie_probe,330,,,4,"[[1, 134], [2, 782], [3, 920], [4, 241]]",TIMEOUT,1,994,UNSAT_SOLVE,0.5553041069942992,0.006384556007105857,0.5616886630014051,,,,,,,,,,"{""decisions"": 1029, ""conflicts"": 403, ""propagations"": 1437358, ""restarts"": 3}"
trie_probe,331,,,2,"[[1, 134], [2, 810]]",TIMEOUT,1,994,TIMEOUT,,0.0013128619903000072,,,,,,,,,,,null
trie_probe,332,,,3,"[[1, 134], [2, 810], [3, 691]]",TIMEOUT,1,994,TIMEOUT,,0.0030483730079140514,,,,,,,,,,,null
trie_probe,333,,,4,"[[1, 134], [2, 810], [3, 691], [4, 243]]",TIMEOUT,1,994,UNSAT_SOLVE,0.48381929901370313,0.005244940010015853,0.489064239023719,,,,,,,,,,"{""decisions"": 1095, ""conflicts"": 303, ""propagations"": 1232670, ""restarts"": 3}"
trie_probe,334,,,2,"[[1, 134], [2, 859]]",TIMEOUT,1,994,TIMEOUT,,0.0011849629954667762,,,,,,,,,,,null
trie_probe,335,,,3,"[[1, 134], [2, 859], [3, 575]]",TIMEOUT,1,994,TIMEOUT,,0.002972372996737249,,,,,,,,,,,null
trie_probe,336,,,4,"[[1, 134], [2, 859], [3, 575], [4, 287]]",TIMEOUT,1,994,UNSAT_SOLVE,0.4965116730018053,0.0069870430015726015,0.5034987160033779,,,,,,,,,,"{""decisions"": 1833, ""conflicts"": 421, ""propagations"": 1168470, ""restarts"": 28}"
trie_probe,337,,,2,"[[1, 134], [2, 866]]",TIMEOUT,1,994,TIMEOUT,,0.0011872769973706454,,,,,,,,,,,null
trie_probe,338,,,3,"[[1, 134], [2, 866], [3, 834]]",TIMEOUT,1,994,TIMEOUT,,0.003350369996041991,,,,,,,,,,,null
trie_probe,339,,,4,"[[1, 134], [2, 866], [3, 834], [4, 662]]",TIMEOUT,1,994,UNSAT_SOLVE,0.778736979002133,0.005590986009337939,0.784327965011471,,,,,,,,,,"{""decisions"": 2936, ""conflicts"": 865, ""propagations"": 2596284, ""restarts"": 42}"
trie_probe,340,,,2,"[[1, 134], [2, 958]]",TIMEOUT,1,994,TIMEOUT,,0.0012089429947081953,,,,,,,,,,,null
trie_probe,341,,,3,"[[1, 134], [2, 958], [3, 562]]",TIMEOUT,1,994,TIMEOUT,,0.0029527799924835563,,,,,,,,,,,null
trie_probe,342,,,4,"[[1, 134], [2, 958], [3, 562], [4, 891]]",TIMEOUT,1,994,UNSAT_SOLVE,0.589049863992841,0.005862841004272923,0.5949127049971139,,,,,,,,,,"{""decisions"": 1542, ""conflicts"": 529, ""propagations"": 1883151, ""restarts"": 36}"
trie_probe,343,,,2,"[[1, 134], [2, 964]]",TIMEOUT,1,994,TIMEOUT,,0.0012070740049239248,,,,,,,,,,,null
trie_probe,344,,,3,"[[1, 134], [2, 964], [3, 645]]",TIMEOUT,1,994,TIMEOUT,,0.002890278003178537,,,,,,,,,,,null
trie_probe,345,,,4,"[[1, 134], [2, 964], [3, 645], [4, 749]]",TIMEOUT,1,994,UNSAT_SOLVE,0.5576161920034792,0.005263368002488278,0.5628795600059675,,,,,,,,,,"{""decisions"": 1148, ""conflicts"": 348, ""propagations"": 1755340, ""restarts"": 7}"
trie_probe,346,,,1,"[[1, 568]]",ROOT,1,990,TIMEOUT,,0.0005648150108754635,,,,,,,,,,,null
trie_probe,347,,,2,"[[1, 568], [2, 546]]",TIMEOUT,1,990,TIMEOUT,,0.0014775599993299693,,,,,,,,,,,null
trie_probe,348,,,3,"[[1, 568], [2, 546], [3, 599]]",TIMEOUT,1,990,UNSAT_SOLVE,6.36667567800032,0.003409166994970292,6.37008484499529,,,,,,,,,,"{""decisions"": 73309, ""conflicts"": 19834, ""propagations"": 48535900, ""restarts"": 249}"
master_stage,0,base,replay,,,,,,SAT,28.631068850998417,,,991,6,,55947,214806,,,,,"{""decisions"": 483968, ""conflicts"": 127951, ""propagations"": 259210386, ""restarts"": 1633}"
master_stage,1,base,replay,,,,,,SAT,19.813822258001892,,,990,6,,56938,218769,,,,,"{""decisions"": 285138, ""conflicts"": 77017, ""propagations"": 189453466, ""restarts"": 1430}"
master_stage,2,base,final,,,,,,TIMEOUT,600.0,,,,,,57928,222728,,,,,null
master_stage,0,trie-mined,replay,,,,,,SAT,28.962007110996637,,,991,6,,55947,214806,,,,,"{""decisions"": 483968, ""conflicts"": 127951, ""propagations"": 259210386, ""restarts"": 1633}"
master_stage,1,trie-mined,replay,,,,,,SAT,19.990211069991346,,,990,6,,56938,218769,,,,,"{""decisions"": 285138, ""conflicts"": 77017, ""propagations"": 189453466, ""restarts"": 1430}"
master_stage,2,trie-mined,final,,,,,,TIMEOUT,600.0,,,,,,57928,222856,,,,,null
