level,group_id,parent_group_id,group_size,result,solve_time,decisions,conflicts,propagations,restarts,vertices_eliminated,remaining_round1_vertices,actual_k,containment_time
8,0,,125,UNKNOWN_BUDGET,29.967718901010812,500205,100000,304904534,2864,0,,,
8,1,,125,UNKNOWN_BUDGET,30.623325392996776,523937,100000,280182618,3093,0,,,
8,2,,125,UNKNOWN_BUDGET,30.15920727000048,482124,100004,278989095,2765,0,,,
8,3,,125,UNKNOWN_BUDGET,29.52570651899441,455268,100003,262767045,2582,0,,,
8,4,,125,UNKNOWN_BUDGET,32.99512527699699,486746,100001,285408020,2772,0,,,
8,5,,125,UNKNOWN_BUDGET,32.28157794699655,447685,100008,290123200,2658,0,,,
8,6,,125,UNKNOWN_BUDGET,29.96605802200793,470987,100000,269517287,2881,0,,,
8,7,,125,UNKNOWN_BUDGET,30.018852428009268,486339,100003,251155963,2966,0,,,
16,0,0,63,UNKNOWN_BUDGET,25.97882308199769,293775,75000,190487205,1663,0,,,
16,8,0,62,UNKNOWN_BUDGET,25.77401103999,344872,75000,221777164,2189,0,,,
16,1,1,63,UNKNOWN_BUDGET,25.638253408993478,362544,75003,209495061,2289,0,,,
16,9,1,62,UNKNOWN_BUDGET,24.665907643997343,355361,75004,201406673,2226,0,,,
16,2,2,63,UNKNOWN_BUDGET,23.576184739009477,357012,75000,190782147,2269,0,,,
16,10,2,62,UNKNOWN_BUDGET,27.382900754993898,352977,75000,220577407,2280,0,,,
16,3,3,63,UNKNOWN_BUDGET,24.535267696002848,356962,75001,195452638,2238,0,,,
16,11,3,62,UNKNOWN_BUDGET,27.299860237995745,369026,75001,214673798,2468,0,,,
16,4,4,63,UNKNOWN_BUDGET,23.16387071200006,339437,75000,175174782,1972,0,,,
16,12,4,62,UNKNOWN_BUDGET,23.8980269790045,333280,75000,194027006,2092,0,,,
16,5,5,63,UNKNOWN_BUDGET,24.629963765997672,314040,75000,200462774,1951,0,,,
16,13,5,62,UNKNOWN_BUDGET,26.54532495100284,416213,75006,211210816,2796,0,,,
16,6,6,63,UNKNOWN_BUDGET,25.023384834988974,329020,75001,198343355,2141,0,,,
16,14,6,62,UNKNOWN_BUDGET,29.213205175998155,387050,75002,220641803,2678,0,,,
16,7,7,63,UNKNOWN_BUDGET,25.12925019400427,282778,75001,178148762,1744,0,,,
16,15,7,62,UNKNOWN_BUDGET,23.219703989991103,305505,75000,178746421,1884,0,,,
32,0,0,32,UNKNOWN_BUDGET,18.434616740007186,257671,50001,143209088,1639,0,,,
32,16,0,31,UNKNOWN_BUDGET,17.080044425005326,282847,50001,134779131,2010,0,,,
32,8,8,31,UNKNOWN_BUDGET,17.64245622200542,260293,50000,136954993,1835,0,,,
32,24,8,31,UNKNOWN_BUDGET,17.616536257002736,218029,50001,130235437,1492,0,,,
32,1,1,32,UNKNOWN_BUDGET,19.51334864400269,256122,50001,147877509,1732,0,,,
32,17,1,31,UNKNOWN_BUDGET,17.38601021100476,213469,50002,127195341,1442,0,,,
32,9,9,31,UNKNOWN_BUDGET,20.061343505003606,227430,50001,144065750,1571,0,,,
32,25,9,31,UNKNOWN_BUDGET,17.101083300993196,230762,50012,127865597,1534,0,,,
32,2,2,32,UNKNOWN_BUDGET,17.518048258993076,238145,50003,138670068,1575,0,,,
32,18,2,31,UNKNOWN_BUDGET,18.185641425006907,240601,50000,133478667,1658,0,,,
32,10,10,31,UNKNOWN_BUDGET,18.003141577006318,212064,50002,131151573,1380,0,,,
32,26,10,31,UNKNOWN_BUDGET,18.14442906100885,259045,50001,142737426,1903,0,,,
32,3,3,32,UNKNOWN_BUDGET,17.295785692011123,197041,50012,126473443,1237,0,,,
32,19,3,31,UNKNOWN_BUDGET,18.2762735360011,232037,50003,139430003,1633,0,,,
32,11,11,31,UNKNOWN_BUDGET,17.88689962499484,250321,50001,122694920,1750,0,,,
32,27,11,31,UNKNOWN_BUDGET,17.44338361400878,209447,50002,133686065,1400,0,,,
32,4,4,32,UNKNOWN_BUDGET,17.914194758996018,259780,50000,135584406,1743,0,,,
32,20,4,31,UNKNOWN_BUDGET,16.2463713229954,202403,50000,119478046,1299,0,,,
32,12,12,31,UNKNOWN_BUDGET,17.893050118000247,231179,50000,134694791,1613,0,,,
32,28,12,31,UNKNOWN_BUDGET,18.582422775012674,250905,50000,142588726,1741,0,,,
32,5,5,32,UNKNOWN_BUDGET,15.651036304989248,223614,50001,122076635,1455,0,,,
32,21,5,31,UNKNOWN_BUDGET,18.333662827993976,226391,50000,132038264,1494,0,,,
32,13,13,31,UNKNOWN_BUDGET,19.59666012300295,284773,50005,153095266,2078,0,,,
32,29,13,31,UNKNOWN_BUDGET,16.600229642004706,253049,50003,128184034,1798,0,,,
32,6,6,32,UNKNOWN_BUDGET,19.332326153002214,261189,50000,145011055,1790,0,,,
32,22,6,31,UNKNOWN_BUDGET,14.922490753000602,194318,50001,105700741,1215,0,,,
32,14,14,31,UNKNOWN_BUDGET,20.16316556200036,272299,50003,140126307,2067,0,,,
32,30,14,31,UNKNOWN_BUDGET,17.133882216003258,201847,50000,129230911,1339,0,,,
32,7,7,32,UNKNOWN_BUDGET,18.537352582992753,276186,50001,144115601,1988,0,,,
32,23,7,31,UNKNOWN_BUDGET,19.756397781005944,260962,50000,148079863,1833,0,,,
32,15,15,31,UNKNOWN_BUDGET,18.346127408003667,176358,50000,129736180,1076,0,,,
32,31,15,31,UNKNOWN_BUDGET,15.433133459999226,166690,50004,106296029,985,0,,,
64,0,0,16,UNKNOWN_BUDGET,11.403606041989406,132139,30002,78593674,838,0,,,
64,32,0,16,UNKNOWN_BUDGET,10.500987544000964,150491,30001,87862290,1035,0,,,
64,16,16,16,UNKNOWN_BUDGET,11.254931397998007,143440,30007,76808270,1029,0,,,
64,48,16,15,UNKNOWN_BUDGET,11.295555460994365,161339,30000,94144556,1212,0,,,
64,8,8,16,UNKNOWN_BUDGET,10.909360935009317,124512,30001,71298532,834,0,,,
64,40,8,15,UNKNOWN_BUDGET,10.999743855005363,156488,30000,90145466,1131,0,,,
64,24,24,16,UNKNOWN_BUDGET,10.535125138994772,139431,30000,72006108,997,0,,,
64,56,24,15,UNKNOWN_BUDGET,9.332797444003518,106865,30000,69691467,641,0,,,
64,1,1,16,UNKNOWN_BUDGET,11.995068528995034,142274,30000,81653421,967,0,,,
64,33,1,16,UNKNOWN_BUDGET,9.893281913988176,148421,30002,84079670,1065,0,,,
64,17,17,16,UNKNOWN_BUDGET,11.564632482011802,138742,30001,75187333,996,0,,,
64,49,17,15,UNKNOWN_BUDGET,11.102299951002351,183504,30000,92448359,1365,0,,,
64,9,9,16,UNKNOWN_BUDGET,10.644015116995433,144843,30004,75082718,1041,0,,,
64,41,9,15,UNKNOWN_BUDGET,11.981945450999774,151680,30000,89096543,1068,0,,,
64,25,25,16,UNKNOWN_BUDGET,10.41717747799703,157971,30000,76726584,1180,0,,,
64,57,25,15,UNKNOWN_BUDGET,10.858007229995565,125102,30245,86179547,847,0,,,
64,2,2,16,UNKNOWN_BUDGET,10.500962214995525,122883,30003,69949189,816,0,,,
64,34,2,16,UNKNOWN_BUDGET,11.86004887400486,165413,30008,90699134,1245,0,,,
64,18,18,16,UNKNOWN_BUDGET,11.262405346002197,133732,30000,70194374,899,0,,,
64,50,18,15,UNKNOWN_BUDGET,12.715370135003468,140532,30000,94980279,1037,0,,,
64,10,10,16,UNKNOWN_BUDGET,11.166889083004207,174396,30002,78221653,1299,0,,,
64,42,10,15,UNKNOWN_BUDGET,13.786200585003826,99052,30000,90411436,611,0,,,
64,26,26,16,UNKNOWN_BUDGET,9.545187830997747,111810,30000,67330492,734,0,,,
64,58,26,15,UNKNOWN_BUDGET,11.899184971989598,141180,30003,78535687,1065,0,,,
64,3,3,16,UNKNOWN_BUDGET,12.180700120996335,129271,30000,99321315,912,0,,,
64,35,3,16,UNKNOWN_BUDGET,11.882334644004004,157598,30000,77178934,1148,0,,,
64,19,19,16,UNKNOWN_BUDGET,11.242716182008735,142846,30002,92722006,1046,0,,,
64,51,19,15,UNKNOWN_BUDGET,11.292337908002082,128111,30000,75664024,867,0,,,
64,11,11,16,UNKNOWN_BUDGET,11.604381017998094,133018,30002,95012037,964,0,,,
64,43,11,15,UNKNOWN_BUDGET,12.584868771009496,170064,30002,84431995,1290,0,,,
64,27,27,16,UNKNOWN_BUDGET,11.65246168000158,153897,30000,88820114,1073,0,,,
64,59,27,15,UNKNOWN_BUDGET,10.643184385000495,145502,30005,68812292,992,0,,,
64,4,4,16,UNKNOWN_BUDGET,12.106135615002131,116073,30003,89194363,758,0,,,
64,36,4,16,UNKNOWN_BUDGET,11.595443509999313,156042,30000,79184920,1114,0,,,
64,20,20,16,UNKNOWN_BUDGET,11.595810650003841,136858,30002,88949927,962,0,,,
64,52,20,15,UNKNOWN_BUDGET,11.409947482010466,118781,30000,77883932,808,0,,,
64,12,12,16,UNKNOWN_BUDGET,11.871701832991675,173696,30002,79718198,1323,0,,,
64,44,12,15,UNKNOWN_BUDGET,10.437759897002252,103270,30006,82562549,643,0,,,
64,28,28,16,UNKNOWN_BUDGET,11.381651506002527,142221,30004,73973967,1054,0,,,
64,60,28,15,UNKNOWN_BUDGET,9.37801368298824,119499,30008,80561057,789,0,,,
64,5,5,16,UNKNOWN_BUDGET,10.462804827999207,127779,30000,70396534,881,0,,,
64,37,5,16,UNKNOWN_BUDGET,10.897183627006598,135504,30001,83241749,966,0,,,
64,21,21,16,UNKNOWN_BUDGET,11.767559696003445,159864,30000,80665084,1177,0,,,
64,53,21,15,UNKNOWN_BUDGET,12.431466626992915,186488,30003,97642358,1473,0,,,
64,13,13,16,UNKNOWN_BUDGET,11.473598135009524,95408,30000,76272553,586,0,,,
64,45,13,15,UNKNOWN_BUDGET,11.6332892299979,145955,30000,73846460,1089,0,,,
64,29,29,16,UNKNOWN_BUDGET,11.870384270005161,152428,30001,92746553,1140,0,,,
64,61,29,15,UNKNOWN_BUDGET,10.706658167997375,132199,30002,69945582,959,0,,,
64,6,6,16,UNKNOWN_BUDGET,8.968531111007906,121097,30001,74026829,851,0,,,
64,38,6,16,UNKNOWN_BUDGET,10.030318655990413,119310,30003,69395947,821,0,,,
64,22,22,16,UNKNOWN_BUDGET,12.927903930001776,127097,30000,87145622,917,0,,,
64,54,22,15,UNKNOWN_BUDGET,11.421430955000687,174039,30006,77575680,1335,0,,,
