iteration,source,master_solve_time,separator_size,canonical_safe_size,temporal_result,temporal_solve_time,raw_core_size,reduced_core_size,core_minimize_calls,core_minimize_time,core_minimize_timeouts,cut_added,cut_status,theoretical_separator_fraction,theoretical_separator_log10_fraction,temporal_decisions,temporal_conflicts,temporal_propagations,temporal_restarts,cuts_total,master_clauses
1,diagnostics/static_dynamic_bridge.json:static_extension:witness,,9,3,UNSAT,0.2555400290002581,9,5,9,0.292238941998221,0,True,added,1.5272188117838388e-11,-10.816098735083482,9554,182,346390,20,1,64647
2,diagnostics/static_dynamic_bridge.json:input_witness,,9,2,UNSAT,0.4495333199738525,9,6,9,0.8372776080213953,0,True,added,6.139573112702117e-14,-13.211861824501014,9800,284,656803,42,2,64648
3,master:1,0.0018361809779889882,9,2,UNSAT,0.276229571987642,8,5,8,0.45930928000598215,0,True,added,1.5272188117838388e-11,-10.816098735083482,9444,140,303554,11,3,64649
4,master:2,0.0011421370145399123,9,2,UNSAT,0.2613855680101551,9,5,13,1.087709527084371,0,True,added,1.5272188117838388e-11,-10.816098735083482,9471,132,312469,15,4,64650
5,master:3,0.001385253999615088,9,2,UNSAT,0.3032721500203479,8,5,12,1.2109110468882136,0,True,added,1.5272188117838388e-11,-10.816098735083482,9597,207,474629,28,5,64651
6,master:4,0.0012999179889447987,9,2,UNSAT,0.2920216350175906,8,5,13,0.4924153820320498,0,True,added,1.5272188117838388e-11,-10.816098735083482,9620,207,406024,28,6,64652
7,master:5,0.0010887469979934394,9,2,UNSAT,0.2964890980219934,8,5,13,0.9371775250474457,0,True,added,1.5272188117838388e-11,-10.816098735083482,9609,197,472559,28,7,64653
8,master:6,0.001102843991247937,9,2,UNSAT,0.28190534200984985,9,5,14,0.9624387819785625,0,True,added,1.5272188117838388e-11,-10.816098735083482,9648,196,421137,24,8,64654
9,master:7,0.001073692983482033,9,2,UNSAT,0.3160922419920098,8,5,13,0.6430469939659815,0,True,added,1.5272188117838388e-11,-10.816098735083482,9664,214,455608,29,9,64655
10,master:8,0.00110122500336729,9,2,UNSAT,0.29317838698625565,9,5,14,1.400464022968663,0,True,added,1.5272188117838388e-11,-10.816098735083482,9644,232,471245,26,10,64656
11,master:9,0.0012703810061793774,9,2,UNSAT,0.4192362669855356,7,5,7,0.496026838052785,0,True,added,1.5272188117838388e-11,-10.816098735083482,9372,105,217357,3,11,64657
12,master:10,0.0011912740010302514,9,2,UNSAT,0.30306214198935777,9,6,9,0.5219094540225342,0,True,added,6.139573112702117e-14,-13.211861824501014,9664,225,468622,30,12,64658
13,master:11,0.0010382049949839711,9,2,UNSAT,0.3031531179731246,8,6,8,0.6814099790062755,0,True,added,6.139573112702117e-14,-13.211861824501014,9685,224,500044,36,13,64659
14,master:12,0.0011538059916347265,9,2,UNSAT,0.3123447819962166,9,6,8,0.45237757096765563,0,True,added,6.139573112702117e-14,-13.211861824501014,9633,194,427304,27,14,64660
15,master:13,0.06481598599930294,9,2,UNSAT,0.0009446830081287771,3,3,3,0.008843899006024003,0,True,added,5.055155355759542e-07,-6.296265493067571,0,0,0,0,15,64661
16,master:14,0.06504656799370423,9,2,UNSAT,0.3377721570141148,8,5,7,0.2824593719851691,0,True,added,1.5272188117838388e-11,-10.816098735083482,9367,105,219219,2,16,64662
17,master:15,0.06790036900201812,9,2,UNSAT,0.3019956339849159,8,5,12,0.48132585687562823,0,True,added,1.5272188117838388e-11,-10.816098735083482,9533,174,381385,16,17,64663
18,master:16,0.06619178500841372,9,2,UNSAT,0.2810862709884532,7,5,12,0.5593255749845412,0,True,added,1.5272188117838388e-11,-10.816098735083482,9605,172,387259,17,18,64664
19,master:17,0.06787882599746808,9,2,UNSAT,0.2964578650135081,8,5,13,0.40236685299896635,0,True,added,1.5272188117838388e-11,-10.816098735083482,9659,201,484736,25,19,64665
20,master:18,0.06783128998358734,9,2,UNSAT,0.2909671340021305,8,5,13,0.5357173860247713,0,True,added,1.5272188117838388e-11,-10.816098735083482,9682,201,484011,29,20,64666
21,master:19,0.06574639899190515,9,2,UNSAT,0.3013392059947364,8,5,13,0.4656090160133317,0,True,added,1.5272188117838388e-11,-10.816098735083482,9615,192,462528,22,21,64667
22,master:20,0.06667429598746821,9,2,UNSAT,0.27540638999198563,8,5,13,0.5555650710302871,0,True,added,1.5272188117838388e-11,-10.816098735083482,9596,210,428638,19,22,64668
23,master:21,0.06483633298194036,9,2,UNSAT,0.311995380994631,6,5,6,0.13164230200345628,0,True,added,1.5272188117838388e-11,-10.816098735083482,9360,112,219821,0,23,64669
24,master:22,0.0645968560129404,9,2,UNSAT,0.3040374099800829,8,6,8,0.27651359501760453,0,True,added,6.139573112702117e-14,-13.211861824501014,9716,220,536855,33,24,64670
25,master:23,0.07519864200730808,9,2,UNSAT,0.2935903559846338,8,6,8,0.27241708399378695,0,True,added,6.139573112702117e-14,-13.211861824501014,9704,220,544528,31,25,64671
26,master:24,0.06479454800137319,9,2,UNSAT,0.28297741001006216,8,5,13,0.40787049994105473,0,True,added,1.5272188117838388e-11,-10.816098735083482,9566,176,440108,20,26,64672
27,master:25,0.06778146998840384,9,2,UNSAT,0.2934762689983472,8,5,13,0.45648922998225316,0,True,added,1.5272188117838388e-11,-10.816098735083482,9629,194,447316,25,27,64673
28,master:26,0.06422516398015432,9,2,UNSAT,0.6804435689991806,6,5,6,0.15510082704713568,0,True,added,1.5272188117838388e-11,-10.816098735083482,9530,163,338261,13,28,64674
29,master:27,0.06795167599921115,9,2,UNSAT,0.2934449640160892,8,5,13,0.43074362105107866,0,True,added,1.5272188117838388e-11,-10.816098735083482,9653,220,485424,32,29,64675
30,master:28,0.06460694398265332,9,2,UNSAT,0.2930171499901917,8,6,8,0.39209645401570015,0,True,added,6.139573112702117e-14,-13.211861824501014,9633,188,455994,21,30,64676
31,master:29,0.06694846000755206,9,2,UNSAT,0.3096570299821906,8,5,13,0.46780692390166223,0,True,added,1.5272188117838388e-11,-10.816098735083482,9823,275,669265,41,31,64677
32,master:30,0.06677610499900766,9,2,UNSAT,0.7180158639966976,7,5,7,0.37240454796119593,0,True,added,1.5272188117838388e-11,-10.816098735083482,9464,149,336615,10,32,64678
33,master:31,0.06534632897819392,9,2,UNSAT,0.3003394989937078,8,5,13,0.5100380329822656,0,True,added,1.5272188117838388e-11,-10.816098735083482,9660,210,477016,27,33,64679
34,master:32,0.06697409000480548,9,2,UNSAT,0.2999895600078162,8,5,13,0.45141918407171033,0,True,added,1.5272188117838388e-11,-10.816098735083482,9551,183,410656,21,34,64680
35,master:33,0.06674862399813719,9,2,UNSAT,0.2700409259996377,7,5,12,0.5322278379753698,0,True,added,1.5272188117838388e-11,-10.816098735083482,9498,175,387428,13,35,64681
36,master:34,0.06361607898725197,9,2,UNSAT,0.2955213940003887,8,6,8,0.4911618600599468,0,True,added,6.139573112702117e-14,-13.211861824501014,9694,206,503701,25,36,64682
37,master:35,0.06857589300489053,9,2,UNSAT,0.27730650900048204,8,5,13,0.3656744110630825,0,True,added,1.5272188117838388e-11,-10.816098735083482,9510,174,405996,18,37,64683
38,master:36,0.06582409000839107,9,2,UNSAT,0.28219499401166104,8,5,13,0.4671555319800973,0,True,added,1.5272188117838388e-11,-10.816098735083482,9579,203,479049,22,38,64684
39,master:37,0.07073168500210159,9,2,UNSAT,0.31233276100829244,8,5,13,0.6885502769728191,0,True,added,1.5272188117838388e-11,-10.816098735083482,9780,258,576628,36,39,64685
40,master:38,0.06751763998181559,9,2,UNSAT,0.2847165660059545,8,5,13,0.4456013150338549,0,True,added,1.5272188117838388e-11,-10.816098735083482,9641,217,490006,27,40,64686
41,master:39,0.06636937498115003,9,2,UNSAT,0.34507745000883006,7,5,12,0.5131874589424115,0,True,added,1.5272188117838388e-11,-10.816098735083482,9435,133,292194,10,41,64687
42,master:40,0.06546058598905802,9,2,UNSAT,0.6875147030223161,7,5,7,0.441374166024616,0,True,added,1.5272188117838388e-11,-10.816098735083482,9504,163,340243,13,42,64688
43,master:41,0.0661976319970563,9,2,UNSAT,0.6948398429958615,8,5,13,0.788041478022933,0,True,added,1.5272188117838388e-11,-10.816098735083482,9382,116,247483,2,43,64689
44,master:42,0.06517581301159225,9,2,UNSAT,0.2966094419825822,8,5,13,0.5005369399732444,0,True,added,1.5272188117838388e-11,-10.816098735083482,9622,214,482934,25,44,64690
45,master:43,0.06733486399753019,9,2,UNSAT,0.293399469985161,8,5,13,0.4315361319750082,0,True,added,1.5272188117838388e-11,-10.816098735083482,9542,183,432556,19,45,64691
46,master:44,0.06812009599525481,9,2,UNSAT,0.2914679560053628,8,5,13,0.538440785050625,0,True,added,1.5272188117838388e-11,-10.816098735083482,9738,242,547942,32,46,64692
47,master:45,0.07012267198297195,9,2,UNSAT,0.3183490230003372,6,5,6,0.07458767096977681,0,True,added,1.5272188117838388e-11,-10.816098735083482,9403,131,241070,1,47,64693
48,master:46,0.06843911297619343,9,2,UNSAT,0.31991866198950447,8,5,13,0.6780319690005854,0,True,added,1.5272188117838388e-11,-10.816098735083482,9789,249,603463,35,48,64694
49,master:47,0.06848133099265397,9,2,UNSAT,0.33661962900077924,6,5,6,0.1223745710158255,0,True,added,1.5272188117838388e-11,-10.816098735083482,9318,89,187810,0,49,64695
50,master:48,0.06697647098917514,9,2,UNSAT,0.7129480980220251,9,5,14,0.7874145809328184,0,True,added,1.5272188117838388e-11,-10.816098735083482,9481,151,354160,15,50,64696
51,master:49,0.0782270299969241,9,2,UNSAT,0.3027218010101933,8,6,8,0.37143507596920244,0,True,added,6.139573112702117e-14,-13.211861824501014,9637,196,520145,25,51,64697
52,master:50,0.0662095709994901,9,2,UNSAT,0.28006039999308996,8,5,13,0.6116681330022402,0,True,added,1.5272188117838388e-11,-10.816098735083482,9620,181,404455,21,52,64698
53,master:51,0.06659664798644371,9,2,UNSAT,0.29340844598482363,8,5,13,0.6183583180827554,0,True,added,1.5272188117838388e-11,-10.816098735083482,9688,233,509924,28,53,64699
54,master:52,0.0665654570038896,9,2,UNSAT,0.308458145998884,8,5,13,0.4155364819744136,0,True,added,1.5272188117838388e-11,-10.816098735083482,9607,188,446979,22,54,64700
55,master:53,0.06843764398945495,9,2,UNSAT,0.2978590959974099,6,5,6,0.12230887802434154,0,True,added,1.5272188117838388e-11,-10.816098735083482,9329,90,174017,0,55,64701
56,master:54,0.06896583901834674,9,2,UNSAT,0.31786058997386135,8,6,8,0.3293190999829676,0,True,added,6.139573112702117e-14,-13.211861824501014,9798,267,667167,38,56,64702
57,master:55,0.07026095798937604,9,2,UNSAT,0.7395667090022471,7,5,12,1.0697294299316127,0,True,added,1.5272188117838388e-11,-10.816098735083482,9516,139,306513,14,57,64703
58,master:56,0.06687108799815178,9,2,UNSAT,0.7435557039862033,8,5,13,0.5372639480046928,0,True,added,1.5272188117838388e-11,-10.816098735083482,9546,156,352322,18,58,64704
59,master:57,0.06790882197674364,9,2,UNSAT,0.7582941720029339,8,5,7,0.521079827012727,0,True,added,1.5272188117838388e-11,-10.816098735083482,9454,153,328019,5,59,64705
60,master:58,0.06987571401987225,9,2,UNSAT,0.3403198710002471,8,6,8,0.37827492397627793,0,True,added,6.139573112702117e-14,-13.211861824501014,9676,231,553082,27,60,64706
61,master:59,0.06564620099379681,9,2,UNSAT,0.30664663200150244,8,5,13,0.5873142819909845,0,True,added,1.5272188117838388e-11,-10.816098735083482,9680,214,523582,27,61,64707
62,master:60,0.06890501000452787,9,2,UNSAT,0.3030352750211023,8,5,13,0.23625367507338524,0,True,added,1.5272188117838388e-11,-10.816098735083482,9391,122,240218,2,62,64708
63,master:61,0.0695203029899858,9,2,UNSAT,0.2976784580096137,8,5,13,0.48490366191254,0,True,added,1.5272188117838388e-11,-10.816098735083482,9531,178,434832,19,63,64709
64,master:62,0.06872707197908312,9,2,UNSAT,0.31580030999612063,9,5,13,0.46261350793065503,0,True,added,1.5272188117838388e-11,-10.816098735083482,9690,229,593905,31,64,64710
65,master:63,0.06961572199361399,9,2,UNSAT,0.29641579897725023,8,5,13,0.5364589629753027,0,True,added,1.5272188117838388e-11,-10.816098735083482,9615,215,478077,21,65,64711
66,master:64,0.06729908799752593,9,2,UNSAT,0.731485115014948,8,5,13,0.9615762369357981,0,True,added,1.5272188117838388e-11,-10.816098735083482,9502,155,367199,15,66,64712
