iteration,source,master_solve_time,separator_size,canonical_safe_size,temporal_result,temporal_solve_time,raw_core_size,reduced_core_size,propagation_tested_1,propagation_tested_2,propagation_tested_3,propagation_unsat_1,propagation_unsat_2,propagation_unsat_3,full_temporal_solved,restart_attempts,raw_cores_unique,reduced_cores_unique,smallest_core_size,core_minimize_calls,core_minimize_time,core_minimize_calls_over_soft_limit,core_minimize_soft_limit_seconds,hard_interrupt_supported,cuts_generated,cuts_added,cuts_redundant,cuts_subsuming_old,cut_added,cut_status,theoretical_separator_fraction,theoretical_separator_log10_fraction,temporal_decisions,temporal_conflicts,temporal_propagations,temporal_restarts,cuts_total,master_active_cuts,master_clauses
1,diagnostics/static_dynamic_bridge.json:static_extension:witness,,9,3,UNSAT,2.5724172300542705,9,5,9,36,84,0,0,0,True,8,6,6,5,72,4.441866769891931,0,2.0,False,5,5,0,0,True,added,1.5272188117838388e-11,-10.816098735083482,76432,1456,2771148,160,5,5,64651
2,diagnostics/static_dynamic_bridge.json:input_witness,,9,2,UNSAT,10.000554462982109,9,6,0,0,0,0,0,0,,,0,3,6,,,0,,False,3,3,0,0,True,added,6.139573112702117e-14,-13.211861824501014,,,,,8,8,64654
3,replay:diagnostics/separator_benders_pilot.json:15,,9,2,UNSAT,0.0073618410096969455,3,3,9,36,84,0,0,1,True,8,3,3,3,24,0.08797775892890058,0,2.0,False,1,1,0,0,True,added,5.055155355759542e-07,-6.296265493067571,0,0,0,0,9,9,64655
4,master:1,0.002656869008205831,9,2,UNSAT,3.029054446029477,8,5,9,36,84,0,0,0,True,8,6,6,5,63,5.1315319129498675,0,2.0,False,6,6,0,0,True,added,1.5272188117838388e-11,-10.816098735083482,75570,1118,2421614,88,15,15,64661
5,master:2,0.0029111949843354523,9,2,UNSAT,10.000885869987542,8,5,0,0,0,0,0,0,,,0,3,5,,,0,,False,3,3,0,0,True,added,1.5272188117838388e-11,-10.816098735083482,,,,,18,18,64664
6,master:3,0.0014940500259399414,9,2,UNSAT,10.000848152005346,9,5,0,0,0,0,0,0,,,0,4,5,,,0,,False,4,4,0,0,True,added,1.5272188117838388e-11,-10.816098735083482,,,,,22,22,64668
7,master:4,0.0020984060247428715,9,2,UNSAT,10.00089826801559,8,5,0,0,0,0,0,0,,,0,3,5,,,0,,False,3,3,0,0,True,added,1.5272188117838388e-11,-10.816098735083482,,,,,25,25,64671
8,master:5,0.0651699950103648,9,2,UNSAT,2.9805891240248457,8,5,9,36,84,0,0,0,True,8,6,6,5,60,2.620001759933075,0,2.0,False,5,5,0,0,True,added,1.5272188117838388e-11,-10.816098735083482,75052,920,1946185,24,30,30,64676
9,master:6,0.06721820399980061,9,2,UNSAT,2.4596970249840524,8,5,9,36,84,0,0,0,True,8,6,6,5,89,3.429498906247318,0,2.0,False,4,4,0,0,True,added,1.5272188117838388e-11,-10.816098735083482,76264,1392,3051105,128,34,34,64680
10,master:7,0.06611891300417483,9,2,UNSAT,2.633933899924159,8,5,9,36,84,0,0,0,True,8,6,6,5,72,2.2551132799417246,0,2.0,False,5,5,0,0,True,added,1.5272188117838388e-11,-10.816098735083482,76608,1568,3284712,184,39,39,64685
11,master:8,0.06670339498668909,9,2,UNSAT,10.001064434007276,8,5,0,0,0,0,0,0,,,0,4,5,,,0,,False,4,4,0,0,True,added,1.5272188117838388e-11,-10.816098735083482,,,,,43,43,64689
12,master:9,0.06623684600344859,9,2,UNSAT,2.188556008011801,5,5,9,36,84,0,0,0,True,8,6,6,5,45,0.9620861129369587,0,2.0,False,4,4,0,0,True,added,1.5272188117838388e-11,-10.816098735083482,2996,97,422612,0,47,47,64693
13,master:10,0.06922953497269191,9,2,UNSAT,2.5495997459511273,8,5,9,36,84,0,0,0,True,8,6,6,5,81,4.096189392963424,0,2.0,False,5,5,0,0,True,added,1.5272188117838388e-11,-10.816098735083482,77936,1936,4267497,256,52,52,64698
14,master:11,0.07277187099680305,9,2,UNSAT,2.6193595430231653,8,5,9,36,84,0,0,0,True,8,6,6,5,81,4.821490272821393,0,2.0,False,5,5,0,0,True,added,1.5272188117838388e-11,-10.816098735083482,76480,1386,2955399,144,57,57,64703
15,master:12,0.06717602000571787,9,2,UNSAT,2.2650468459469266,8,5,9,36,84,0,0,0,True,8,6,6,5,79,4.173881035123486,0,2.0,False,5,5,0,0,True,added,1.5272188117838388e-11,-10.816098735083482,77417,1722,3668571,248,62,62,64708
16,master:13,0.07378127000993118,9,2,UNSAT,2.394913069991162,8,5,9,36,84,0,0,0,True,8,6,6,5,81,3.726834087923635,0,2.0,False,5,5,0,0,True,added,1.5272188117838388e-11,-10.816098735083482,76460,1448,3020327,152,67,67,64713
17,master:14,0.07006412697955966,9,2,UNSAT,2.121872450981755,6,5,9,36,84,0,0,0,True,8,6,6,5,48,1.4970286370371468,0,2.0,False,4,4,0,0,True,added,1.5272188117838388e-11,-10.816098735083482,74688,784,1520018,0,71,71,64717
18,master:15,0.06762446599896066,9,2,UNSAT,2.103471069014631,8,5,9,36,84,0,0,0,True,8,6,6,5,66,3.5887629038770683,0,2.0,False,6,6,0,0,True,added,1.5272188117838388e-11,-10.816098735083482,77154,1706,3633860,199,77,77,64723
19,master:16,0.0679147969931364,9,2,UNSAT,2.3338905459968373,8,5,9,36,84,0,0,0,True,8,6,6,5,69,3.8236889709660318,0,2.0,False,5,5,0,0,True,added,1.5272188117838388e-11,-10.816098735083482,77048,1728,3653561,184,82,82,64728
20,master:17,0.06905049702618271,9,2,UNSAT,2.429724278044887,8,5,9,36,84,0,0,0,True,8,6,6,5,69,3.4667125200503506,0,2.0,False,5,5,0,0,True,added,1.5272188117838388e-11,-10.816098735083482,76701,1590,3613462,193,87,87,64733
21,master:18,0.06964979498297907,9,2,UNSAT,10.00090107700089,8,5,0,0,0,0,0,0,,,0,4,5,,,0,,False,4,4,0,0,True,added,1.5272188117838388e-11,-10.816098735083482,,,,,91,91,64737
22,master:19,0.06733927002642304,9,2,UNSAT,2.565035578008974,8,5,9,36,84,0,0,0,True,8,6,6,5,69,3.6368754070426803,0,2.0,False,5,5,0,0,True,added,1.5272188117838388e-11,-10.816098735083482,77944,1944,4195179,256,96,96,64742
23,master:20,0.06787242399877869,9,2,UNSAT,2.6679006470076274,9,6,9,36,84,0,0,0,True,8,6,6,6,71,4.011851722956635,0,2.0,False,6,6,0,0,True,added,6.139573112702117e-14,-13.211861824501014,77216,1680,4066511,240,102,102,64748
24,master:21,0.0654310190002434,9,2,UNSAT,2.472530878992984,8,5,9,36,84,0,0,0,True,8,6,6,5,69,3.9247488300898112,0,2.0,False,5,5,0,0,True,added,1.5272188117838388e-11,-10.816098735083482,77664,1800,3949191,224,107,107,64753
25,master:22,0.06900584601680748,9,2,UNSAT,10.000879544997588,8,5,0,0,0,0,0,0,,,0,3,5,,,0,,False,3,3,0,0,True,added,1.5272188117838388e-11,-10.816098735083482,,,,,110,110,64756
26,master:23,0.06489359599072486,9,2,UNSAT,2.3719324370322283,8,5,9,36,84,0,0,0,True,8,6,6,5,69,3.2890826182847377,0,2.0,False,5,5,0,0,True,added,1.5272188117838388e-11,-10.816098735083482,78104,1896,4164480,256,115,115,64761
27,master:24,0.06853436600067653,9,2,UNSAT,2.3259359640360344,8,5,9,36,84,0,0,0,True,8,6,6,5,69,3.7521649769332726,0,2.0,False,5,5,0,0,True,added,1.5272188117838388e-11,-10.816098735083482,76998,1639,3668534,212,120,120,64766
28,master:25,0.06605649102129973,9,2,UNSAT,2.281009225989692,8,5,9,36,84,0,0,0,True,8,6,6,5,69,3.1770951457729097,0,2.0,False,5,5,0,0,True,added,1.5272188117838388e-11,-10.816098735083482,76245,1325,2963906,144,125,125,64771
29,master:26,0.06921024798066355,9,2,UNSAT,2.6351670139993075,8,6,9,36,84,0,0,0,True,8,6,6,6,64,3.960387246013852,0,2.0,False,6,6,0,0,True,added,6.139573112702117e-14,-13.211861824501014,78712,2150,4238969,256,131,131,64777
30,master:27,0.06589002700638957,9,2,UNSAT,2.650461585028097,8,6,9,36,84,0,0,0,True,8,6,6,6,64,4.224311777856201,0,2.0,False,6,6,0,0,True,added,6.139573112702117e-14,-13.211861824501014,77632,1808,4312365,256,137,137,64783
31,master:28,0.06701091799186543,9,2,UNSAT,2.2505633599939756,8,5,9,36,84,0,0,0,True,8,6,6,5,69,3.5440344921371434,0,2.0,False,5,5,0,0,True,added,1.5272188117838388e-11,-10.816098735083482,76088,1376,3056585,152,142,142,64788
32,master:29,0.06653022099635564,9,2,UNSAT,2.542786796024302,9,5,9,36,84,0,0,0,True,8,6,6,5,77,4.1198171509604435,0,2.0,False,6,6,0,0,True,added,1.5272188117838388e-11,-10.816098735083482,76976,1552,3806257,184,148,148,64794
33,master:30,0.06698891700943932,9,2,UNSAT,2.6357149179675616,8,5,9,36,84,0,0,0,True,8,6,6,5,69,3.5163026170339435,0,2.0,False,5,5,0,0,True,added,1.5272188117838388e-11,-10.816098735083482,76149,1362,3431088,136,153,153,64799
34,master:31,0.0682103110011667,9,2,UNSAT,2.4992034059832804,8,5,9,36,84,0,0,0,True,8,6,6,5,69,2.7566359379852656,0,2.0,False,5,5,0,0,True,added,1.5272188117838388e-11,-10.816098735083482,76971,1547,3396338,169,158,158,64804
35,master:32,0.06971155997598544,9,2,UNSAT,3.0869090970081743,8,5,9,36,84,0,0,0,True,8,6,6,5,69,4.773513729858678,0,2.0,False,5,5,0,0,True,added,1.5272188117838388e-11,-10.816098735083482,75672,1142,2578353,88,163,163,64809
36,master:33,0.06830053101293743,9,2,UNSAT,10.000524670991581,8,5,0,0,0,0,0,0,,,0,3,5,,,0,,False,3,3,0,0,True,added,1.5272188117838388e-11,-10.816098735083482,,,,,166,166,64812
37,master:34,0.06897974098683335,9,2,UNSAT,10.000933723000344,8,5,0,0,0,0,0,0,,,0,3,5,,,0,,False,3,3,0,0,True,added,1.5272188117838388e-11,-10.816098735083482,,,,,169,169,64815
38,master:35,0.06899574398994446,9,2,UNSAT,2.71921193000162,8,5,9,36,84,0,0,0,True,8,6,6,5,69,3.574347664951347,0,2.0,False,5,5,0,0,True,added,1.5272188117838388e-11,-10.816098735083482,76248,1360,3236087,144,174,174,64820
39,master:36,0.06963248099782504,9,2,UNSAT,2.6076069720147643,8,5,9,36,84,0,0,0,True,8,6,6,5,69,3.951214492932195,0,2.0,False,5,5,0,0,True,added,1.5272188117838388e-11,-10.816098735083482,76424,1390,3146070,136,179,179,64825
40,master:37,0.06999526801519096,9,2,UNSAT,2.6188775599875953,8,5,9,36,84,0,0,0,True,8,6,6,5,69,3.8005492829252034,0,2.0,False,5,5,0,0,True,added,1.5272188117838388e-11,-10.816098735083482,78151,1960,4540884,264,184,184,64830
41,master:38,0.06586868400336243,9,2,UNSAT,2.6277887109899893,7,5,9,36,84,0,0,0,True,8,6,6,5,55,3.4654536730085965,0,2.0,False,4,4,0,0,True,added,1.5272188117838388e-11,-10.816098735083482,75192,944,1774735,24,188,188,64834
42,master:39,0.07405230999574997,9,2,UNSAT,2.6251562270335853,8,5,9,36,84,0,0,0,True,8,6,6,5,69,3.9132418689259794,0,2.0,False,5,5,0,0,True,added,1.5272188117838388e-11,-10.816098735083482,77818,1943,4397636,256,193,193,64839
43,master:40,0.06914511599461548,9,2,UNSAT,2.5991465309634805,6,5,9,36,84,0,0,0,True,8,6,6,5,61,2.4789922171330545,0,2.0,False,5,5,0,0,True,added,1.5272188117838388e-11,-10.816098735083482,74593,729,1493313,5,198,198,64844
44,master:41,0.0707409959868528,9,2,UNSAT,10.000949695997406,8,5,0,0,0,0,0,0,,,0,2,5,,,0,,False,2,2,0,0,True,added,1.5272188117838388e-11,-10.816098735083482,,,,,200,200,64846
45,master:42,0.06943362898891792,9,2,UNSAT,2.612601022963645,8,5,9,36,84,0,0,0,True,8,6,6,5,69,2.7189918790827505,0,2.0,False,5,5,0,0,True,added,1.5272188117838388e-11,-10.816098735083482,76467,1464,3361416,144,205,205,64851
46,master:43,0.06616358799510635,9,2,UNSAT,2.592091586004244,8,5,9,36,84,0,0,0,True,8,6,6,5,69,3.056585139129311,0,2.0,False,5,5,0,0,True,added,1.5272188117838388e-11,-10.816098735083482,77264,1479,3151023,168,210,210,64856
47,master:44,0.06647332001011819,9,2,UNSAT,2.6204293770424556,8,5,9,36,84,0,0,0,True,8,6,6,5,69,3.810701018985128,0,2.0,False,5,5,0,0,True,added,1.5272188117838388e-11,-10.816098735083482,78416,2040,4464685,272,215,215,64861
48,master:45,0.06750887801172212,9,2,UNSAT,2.594710477045737,6,5,9,36,84,0,0,0,True,8,6,6,5,50,1.691565141925821,0,2.0,False,4,4,0,0,True,added,1.5272188117838388e-11,-10.816098735083482,74684,766,1469992,2,219,219,64865
49,master:46,0.06629976097610779,9,2,UNSAT,2.5595746490580495,8,6,9,36,84,0,0,0,True,8,6,6,6,69,3.300306045101024,0,2.0,False,6,6,0,0,True,added,6.139573112702117e-14,-13.211861824501014,77163,1718,3985859,193,225,225,64871
50,master:47,0.0680235920008272,9,2,UNSAT,10.000877665996086,8,5,0,0,0,0,0,0,,,0,4,5,,,0,,False,4,4,0,0,True,added,1.5272188117838388e-11,-10.816098735083482,,,,,229,229,64875
51,master:48,0.07087181601673365,9,2,UNSAT,10.000619869999355,8,5,0,0,0,0,0,0,,,0,4,5,,,0,,False,4,4,0,0,True,added,1.5272188117838388e-11,-10.816098735083482,,,,,233,233,64879
52,master:49,0.06592848498257808,9,2,UNSAT,10.000673311995342,8,5,0,0,0,0,0,0,,,0,3,5,,,0,,False,3,3,0,0,True,added,1.5272188117838388e-11,-10.816098735083482,,,,,236,236,64882
53,master:50,0.06530920998193324,9,2,UNSAT,2.535756248020334,8,6,9,36,84,0,0,0,True,8,6,6,6,64,4.07266689898097,0,2.0,False,6,6,0,0,True,added,6.139573112702117e-14,-13.211861824501014,77304,1664,4131193,208,242,242,64888
54,master:51,0.06581511002150364,9,2,UNSAT,2.507189373980509,8,5,9,36,84,0,0,0,True,8,6,6,5,69,3.6409789272001944,0,2.0,False,5,5,0,0,True,added,1.5272188117838388e-11,-10.816098735083482,76570,1618,3640693,183,247,247,64893
55,master:52,0.06428864999907091,9,2,UNSAT,2.5086821949807927,7,5,9,36,84,0,0,0,True,8,6,6,5,61,2.3584887349279597,0,2.0,False,5,5,0,0,True,added,1.5272188117838388e-11,-10.816098735083482,74828,844,1594071,8,252,252,64898
56,master:53,0.0652078179991804,9,2,UNSAT,2.4607543619640637,8,5,9,36,84,0,0,0,True,8,6,6,5,69,3.590617157984525,0,2.0,False,5,5,0,0,True,added,1.5272188117838388e-11,-10.816098735083482,76651,1565,3613898,187,257,257,64903
57,master:54,0.06469306797953323,9,2,UNSAT,2.4871449040365405,8,5,9,36,84,0,0,0,True,8,6,6,5,69,2.9701417050964665,0,2.0,False,5,5,0,0,True,added,1.5272188117838388e-11,-10.816098735083482,77401,1776,3930068,232,262,262,64908
58,master:55,0.064612151007168,9,2,UNSAT,2.3667453420057427,8,5,9,36,84,0,0,0,True,8,6,6,5,69,3.238955536246067,0,2.0,False,5,5,0,0,True,added,1.5272188117838388e-11,-10.816098735083482,77056,1760,3830199,160,267,267,64913
59,master:56,0.06663469699560665,9,2,UNSAT,10.00058760200045,8,5,0,0,0,0,0,0,,,0,3,5,,,0,,False,3,3,0,0,True,added,1.5272188117838388e-11,-10.816098735083482,,,,,270,270,64916
60,master:57,0.06956879899371415,9,2,UNSAT,2.3860662099323235,8,5,9,36,84,0,0,0,True,8,6,6,5,69,3.1262685248511843,0,2.0,False,5,5,0,0,True,added,1.5272188117838388e-11,-10.816098735083482,76362,1398,2947497,123,275,275,64921
61,master:58,0.06682387401815504,9,2,UNSAT,2.45433467393741,8,5,9,36,84,0,0,0,True,8,6,6,5,69,3.1408044218842406,0,2.0,False,5,5,0,0,True,added,1.5272188117838388e-11,-10.816098735083482,76455,1456,3454879,160,280,280,64926
62,master:59,0.06513869398622774,9,2,UNSAT,2.526213332050247,8,6,9,36,84,0,0,0,True,8,6,6,6,64,3.403614297916647,0,2.0,False,6,6,0,0,True,added,6.139573112702117e-14,-13.211861824501014,76703,1478,3510217,176,286,286,64932
63,master:60,0.06895697099389508,9,2,UNSAT,2.2646469089668244,8,5,9,36,84,0,0,0,True,8,6,6,5,69,2.7813282599672675,0,2.0,False,5,5,0,0,True,added,1.5272188117838388e-11,-10.816098735083482,76758,1670,3436923,92,291,291,64937
64,master:61,0.06467332900501788,9,2,UNSAT,2.570935791998636,7,5,9,36,84,0,0,0,True,8,6,6,5,61,3.036052523064427,0,2.0,False,5,5,0,0,True,added,1.5272188117838388e-11,-10.816098735083482,77901,1888,4169572,208,296,296,64942
65,master:62,0.06669890799093992,9,2,UNSAT,1.745092962984927,5,4,9,36,84,0,0,0,True,8,6,5,4,58,0.6783762419654522,0,2.0,False,1,1,0,0,True,added,3.0422198730758627e-09,-8.516809400995452,74456,602,1179969,0,297,297,64943
66,master:63,0.06518894401961006,9,2,UNSAT,1.7983424990379717,5,5,9,36,84,0,0,0,True,8,6,6,5,40,0.45266749904840253,0,2.0,False,2,2,0,0,True,added,1.5272188117838388e-11,-10.816098735083482,74456,598,1180355,0,299,299,64945
67,master:64,0.06480060299509205,9,2,UNSAT,2.3824655070202425,6,5,9,36,84,0,0,0,True,8,6,5,5,63,0.8840839430340566,0,2.0,False,1,1,0,0,True,added,1.5272188117838388e-11,-10.816098735083482,74698,798,1611678,0,300,300,64946
